# Sensor Lenin Avenue, Кировский район, Russia (Citizen Science project sensor.community/50231)
# https://aqicn.org/station/@158917/
# Daily pm25
date,min,max,median,q1,q3,stdev,count
2020-09-30T00:00:00.000Z,1.5,60.28,5.35,3.58,15.39,11.121,109
2020-10-01T00:00:00.000Z,0.4,14.48,0.93,0.7,3.54,3.457,252
2020-10-02T00:00:00.000Z,0.6,3.85,1.89,1.3,2.6,0.762,256
2020-10-03T00:00:00.000Z,3,10.43,5.37,4.25,6.37,1.482,239
2020-10-04T00:00:00.000Z,0.25,12.98,4.09,3.22,5.28,2.092,294
2020-10-05T00:00:00.000Z,0.45,5.82,1.65,1.39,2.31,0.867,305
2020-10-06T00:00:00.000Z,0.9,11.27,2.6,1.75,5,2.318,322
2020-10-07T00:00:00.000Z,0.5,16,2.45,1.1,7.59,5,312
2020-10-08T00:00:00.000Z,0.35,9.3,2,1.1,3.15,1.376,300
2020-10-09T00:00:00.000Z,1.1,7.47,2.94,2,4.55,1.39,330
2020-10-10T00:00:00.000Z,4.78,22.48,11.6,8.15,14.02,3.842,387
2020-10-11T00:00:00.000Z,5.25,17.7,11.48,8.26,13.12,2.946,296
2020-10-12T00:00:00.000Z,0.68,24.2,13.7,10.95,16.75,5.363,327
2020-10-13T00:00:00.000Z,0.32,9.88,1.6,0.9,2.5,1.44,375
2020-10-14T00:00:00.000Z,0.4,7.62,2.6,1.4,4.21,1.686,369
2020-10-15T00:00:00.000Z,0.1,12.48,4.29,1,8.96,4.104,372
2020-10-16T00:00:00.000Z,0.7,24.9,6.2,3,11.05,5.277,391
2020-10-17T00:00:00.000Z,4.22,11.7,7.25,6.23,7.73,1.378,388
2020-10-18T00:00:00.000Z,0.3,8.4,0.9,0.7,1.45,1.89,394
2020-10-19T00:00:00.000Z,0.56,17.64,2.71,1.2,9.11,4.014,408
2020-10-20T00:00:00.000Z,3.67,13.15,8.89,7.45,9.88,1.966,434
2020-10-21T00:00:00.000Z,2,12.95,4.4,3.3,6.47,1.893,418
2020-10-22T00:00:00.000Z,0.6,40.54,5.18,2,9.19,9.308,405
2020-10-23T00:00:00.000Z,2.58,22.88,4.93,4.18,6.68,3.15,380
2020-10-24T00:00:00.000Z,0.3,11.57,3.44,1.5,6.6,2.787,400
2020-10-25T00:00:00.000Z,0.75,8.48,4.4,2.63,5.4,1.759,454
2020-10-26T00:00:00.000Z,3.92,32.53,18.73,8.18,20.88,6.449,455
2020-10-27T00:00:00.000Z,2.2,20.55,7.3,5.5,11.07,3.864,438
2020-10-28T00:00:00.000Z,0.6,6.03,2.9,1.8,3.56,1.156,433
2020-10-29T00:00:00.000Z,1.25,20.27,3.95,2.7,7.82,4.648,430
2020-10-30T00:00:00.000Z,1.6,21.75,6.25,4.4,10.66,4.763,452
2020-10-31T00:00:00.000Z,0.9,8.05,3,2.13,3.85,1.3,465
2020-11-01T00:00:00.000Z,3.4,26.5,9.75,6.2,11.55,5.019,456
2020-11-02T00:00:00.000Z,0.2,28.23,2.6,1.2,8.9,5.02,432
2020-11-03T00:00:00.000Z,0.28,6.07,1.3,0.8,1.85,0.879,437
2020-11-04T00:00:00.000Z,0.3,15.13,2.64,1.17,5.8,3.99,328
2020-11-05T00:00:00.000Z,0.63,19.48,6.45,1.7,10.1,5.065,299
2020-11-06T00:00:00.000Z,1.5,29.33,11.35,6.8,16.82,6.405,317
2020-11-07T00:00:00.000Z,3.83,14.7,9.15,7.87,10.32,2.36,381
2020-11-08T00:00:00.000Z,4.25,10.18,6.82,6.22,7.38,1.085,343
2020-11-09T00:00:00.000Z,0.8,5.9,2.22,1.75,2.67,1.066,273
2020-11-10T00:00:00.000Z,0.75,5.45,2.02,1.38,2.5,0.743,315
2020-11-11T00:00:00.000Z,0.5,6.38,2.45,1.7,3.13,1.147,326
2020-11-12T00:00:00.000Z,1.2,15.45,3.85,2.54,6.57,3.051,286
2020-11-13T00:00:00.000Z,1.63,10.82,5.03,3.29,7.57,2.325,297
2020-11-14T00:00:00.000Z,4.65,19.8,7.57,6.53,9.69,2.554,338
2020-11-15T00:00:00.000Z,2.4,31.55,13.84,8.55,16.39,5.262,278
2020-11-16T00:00:00.000Z,5.5,28.13,9.36,7.45,11.65,3.001,262
2020-11-17T00:00:00.000Z,0.98,17.73,5.4,4.72,6.93,2.328,281
2020-11-18T00:00:00.000Z,2.27,10.63,7.46,6.56,8.59,1.41,300
2020-11-19T00:00:00.000Z,6.7,18.32,11.69,9.97,13.97,2.48,324
2020-11-20T00:00:00.000Z,5.09,20.14,13.85,9.96,15.6,3.497,356
2020-11-21T00:00:00.000Z,1.58,8.43,4.2,3.59,4.93,0.996,305
2020-11-22T00:00:00.000Z,2.02,16.45,5.93,5.3,6.4,1.48,299
2020-11-23T00:00:00.000Z,1.27,32.08,7.12,2.95,15.27,8.195,264
2020-11-24T00:00:00.000Z,1.35,20.3,2.75,2.08,4.55,2.812,273
2020-11-25T00:00:00.000Z,1.23,49.45,6.8,2.5,14.66,8.575,277
2020-11-26T00:00:00.000Z,4.13,67.4,10.63,7.89,25.03,14.201,269
2020-11-27T00:00:00.000Z,5.7,87.15,18.63,9.68,41.83,20.682,258
2020-11-28T00:00:00.000Z,5.6,58.6,25.9,12.62,38.36,13.709,269
2020-11-29T00:00:00.000Z,6.6,123.47,33.15,18.38,47.88,21.663,274
2020-11-30T00:00:00.000Z,1.08,72.15,6.53,4.84,19.46,16.321,253
2020-12-01T00:00:00.000Z,3.72,12.95,7.65,6.03,9,1.924,219
2020-12-02T00:00:00.000Z,6.03,27.15,11.74,9.19,16.2,4.521,234
2020-12-03T00:00:00.000Z,11.1,34.47,21.85,18.93,25.47,4.624,232
2020-12-04T00:00:00.000Z,3.5,33,14.22,11.27,18.77,6.146,264
2020-12-05T00:00:00.000Z,9.13,30,18.39,16.13,20.95,3.658,246
2020-12-06T00:00:00.000Z,7,24.13,13.27,10.95,15.52,3.138,260
2020-12-07T00:00:00.000Z,3.9,19.85,10.98,9.32,12.79,2.713,264
2020-12-08T00:00:00.000Z,7.03,17.38,12.52,11.15,13.65,1.928,143
2020-12-09T00:00:00.000Z,3.28,13.48,7.32,6.07,8.4,2.016,87
2020-12-10T00:00:00.000Z,0.38,12.18,5.88,4.42,7.3,2.564,244
2020-12-11T00:00:00.000Z,0.25,8.52,3.22,1.5,4.45,1.742,289
2020-12-12T00:00:00.000Z,1.12,19.82,9.98,4.74,12.83,4.494,301
2020-12-13T00:00:00.000Z,6.28,15.95,10.03,9.03,11.35,1.786,276
2020-12-14T00:00:00.000Z,2.04,17.14,8.07,4.93,10.45,3.271,263
2020-12-15T00:00:00.000Z,2.85,15.65,7.69,5.9,9.18,2.27,294
2020-12-16T00:00:00.000Z,2.8,31.25,14.2,10.32,17.2,4.913,277
2020-12-18T00:00:00.000Z,2.67,6.47,4.09,3.64,4.57,0.73,197
2020-12-19T00:00:00.000Z,2.22,12.25,7.47,5.68,8.55,2.07,273
2020-12-20T00:00:00.000Z,0.6,8.32,3.38,2.5,4.53,1.494,297
2020-12-21T00:00:00.000Z,1.73,10.35,4.03,3.03,5.03,1.446,290
2020-12-22T00:00:00.000Z,2.13,8.5,4.47,3.75,5.43,1.219,283
2020-12-23T00:00:00.000Z,2.78,21.58,8.91,7.07,11.07,3.339,278
2020-12-24T00:00:00.000Z,0.5,11.57,7.32,4.15,8.4,2.763,270
2020-12-25T00:00:00.000Z,0.3,11.18,1.77,1.14,2.83,1.628,304
2020-12-26T00:00:00.000Z,0.63,19.63,5.57,3.33,8.3,3.503,291
2020-12-27T00:00:00.000Z,2,62.42,19.64,11.65,31.98,13.426,298
2020-12-28T00:00:00.000Z,2.2,66.53,14.13,11.17,19.8,10.446,293
2020-12-29T00:00:00.000Z,5.47,25.25,13.02,11.55,14.69,2.767,285
2020-12-30T00:00:00.000Z,5.05,29.35,14.5,10.74,18.22,5.042,268
2020-12-31T00:00:00.000Z,1.42,58.85,5.6,4.37,10.23,7.657,304
2021-01-01T00:00:00.000Z,1.23,70.56,13.02,8.31,25.66,13.939,297
2021-01-02T00:00:00.000Z,0.5,99.3,5.63,3.2,12.84,9.278,269
2021-01-03T00:00:00.000Z,0.4,26.58,5,2,6.84,4.171,252
2021-01-04T00:00:00.000Z,1.12,16.63,5.25,3.78,7.54,2.846,248
2021-01-05T00:00:00.000Z,2.38,89.65,21.23,13.64,37.92,17.125,257
2021-01-06T00:00:00.000Z,1.67,42.8,15.27,9.02,20.49,8.178,236
2021-01-07T00:00:00.000Z,1.27,28.2,5.95,4.63,10,5.179,267
2021-01-08T00:00:00.000Z,1.73,35.2,14.93,5.97,23,9.149,283
2021-01-09T00:00:00.000Z,0.28,46.2,21.58,6.76,26.02,10.912,281
2021-01-10T00:00:00.000Z,0.4,9.32,2.5,2.04,3.17,0.975,270
2021-01-11T00:00:00.000Z,0.2,8.6,1.26,0.4,3.4,2.243,214
2021-01-12T00:00:00.000Z,0.3,35.13,4.8,1.83,8.44,5.782,238
2021-01-13T00:00:00.000Z,0.2,6.7,1.32,0.5,2.29,1.285,254
2021-01-14T00:00:00.000Z,0.82,7.22,2.67,2.17,3.38,1.036,255
2021-01-15T00:00:00.000Z,1.35,8.02,4.5,3.5,5.25,1.177,276
2021-01-16T00:00:00.000Z,2.35,15.85,7.18,5.68,10.49,2.885,249
2021-01-17T00:00:00.000Z,5.22,13.4,8.43,7.2,9.68,1.737,234
2021-01-18T00:00:00.000Z,2.58,20.55,7.85,6.4,9.75,3.037,227
2021-01-19T00:00:00.000Z,0.98,10.02,4.22,3.3,6.15,1.897,210
2021-01-20T00:00:00.000Z,2.04,70.2,6.3,4.67,9.43,12.453,264
2021-01-21T00:00:00.000Z,2.27,36.47,21.35,9.02,25.83,8.903,234
2021-01-22T00:00:00.000Z,5.2,39.03,13.75,11.13,16.92,6.615,251
2021-01-23T00:00:00.000Z,2.88,23.63,14.23,10.9,17.02,4.34,259
2021-01-24T00:00:00.000Z,0.4,29.52,2.79,1.57,3.9,2.423,276
2021-01-25T00:00:00.000Z,0.88,41.2,5.78,3.82,9.88,6.843,241
2021-01-26T00:00:00.000Z,0.82,113.43,21.95,16.22,32.15,19.247,261
2021-01-27T00:00:00.000Z,0.77,47.55,12.3,6.15,21.38,10.598,223
2021-01-28T00:00:00.000Z,6.13,21.98,13.62,10.38,15.4,3.53,58
2021-01-29T00:00:00.000Z,0.68,8.38,3.25,1.95,5.16,1.919,97
2021-01-30T00:00:00.000Z,0.3,40.13,2.67,1.3,5.23,5.777,248
2021-01-31T00:00:00.000Z,0.7,8.4,4.32,3.53,5.4,1.449,263
2021-02-01T00:00:00.000Z,2.29,72.2,15.35,8.63,25.33,10.899,211
2021-02-02T00:00:00.000Z,14.3,103.35,33.03,26.52,54.84,19.916,125
2021-02-04T00:00:00.000Z,3.8,12.7,6.6,6,7.9,1.669,90
2021-02-05T00:00:00.000Z,5.5,31.73,10.74,8.73,14.89,7.19,228
2021-02-06T00:00:00.000Z,13.27,35.97,27.89,24.83,30.38,5.285,234
2021-02-07T00:00:00.000Z,0.9,18.88,5.68,2.6,11.77,4.916,223
2021-02-08T00:00:00.000Z,1.58,28.52,6.19,4.88,9.56,5.714,244
2021-02-09T00:00:00.000Z,2.72,13.27,7.32,6.29,8.61,1.839,237
2021-02-10T00:00:00.000Z,2.13,18.27,6.47,4.97,8.25,2.477,241
2021-02-11T00:00:00.000Z,1.85,12.93,7.93,6.05,9.18,2.191,194
2021-02-12T00:00:00.000Z,1.83,18.07,9.82,7.89,11.51,2.788,233
2021-02-13T00:00:00.000Z,2.5,33.38,12.97,10.43,14.82,4.038,250
2021-02-14T00:00:00.000Z,4.95,44.45,13.65,10.3,16.38,5.317,227
2021-02-15T00:00:00.000Z,5.53,27.88,10.19,8.05,20.3,6.574,231
2021-02-16T00:00:00.000Z,4,19.95,10.35,7.51,13.08,3.497,224
2021-02-17T00:00:00.000Z,3.15,13.8,6.9,5.7,8.55,2.101,213
2021-02-18T00:00:00.000Z,1.83,45.8,5.82,4.3,8.35,5.895,266
2021-02-19T00:00:00.000Z,1,20.35,5.38,3.21,8.3,3.843,221
2021-02-20T00:00:00.000Z,1.33,12.4,5.93,4.25,7.24,2.131,241
2021-02-21T00:00:00.000Z,3.4,22.2,8.69,7.4,11.98,3.751,258
2021-02-22T00:00:00.000Z,4.63,24.13,10.3,8.36,12.19,2.98,213
2021-02-23T00:00:00.000Z,4.4,110.25,13.73,9.34,31.12,21.987,229
2021-02-24T00:00:00.000Z,2.4,23.65,7.35,5.43,9.23,3.287,222
2021-02-25T00:00:00.000Z,3.05,18.77,10.3,8.46,12.23,2.706,229
2021-02-26T00:00:00.000Z,2,14.1,7,5.72,8.38,2.051,223
2021-02-27T00:00:00.000Z,2.22,13.88,6.38,5.09,8.1,2.223,259
2021-02-28T00:00:00.000Z,2.78,28.92,10.57,7.2,13.65,5.148,251
2021-03-01T00:00:00.000Z,1.14,9.63,4.67,3.53,5.68,1.594,226
2021-03-02T00:00:00.000Z,2.22,126.82,18.84,11.48,31.63,21.324,246
2021-03-03T00:00:00.000Z,9.32,94.03,16.7,14.49,20.88,16.306,212
2021-03-04T00:00:00.000Z,4.59,22.52,13.46,9.05,15.55,4.288,222
2021-03-05T00:00:00.000Z,1.85,13.05,4.79,3.86,5.77,1.694,244
2021-03-06T00:00:00.000Z,1.42,11.18,4.71,3.14,7.68,2.671,232
2021-03-07T00:00:00.000Z,1.35,6.2,2.2,1.89,2.67,0.731,161
2021-03-10T00:00:00.000Z,5.03,14.93,7.5,6.74,11.23,2.569,73
2021-03-11T00:00:00.000Z,2.25,13.32,4.63,3.79,6.55,2.469,205
2021-03-12T00:00:00.000Z,1.48,11.8,7.53,5.04,8.94,2.536,220
2021-03-13T00:00:00.000Z,2.63,16.3,8.48,7.03,9.93,1.974,243
2021-03-14T00:00:00.000Z,4.82,11.88,8.03,6.99,9.11,1.468,236
2021-03-15T00:00:00.000Z,5.03,17.35,8.94,7.73,9.97,2.177,208
2021-03-16T00:00:00.000Z,4.4,19.48,7.87,6.53,10.9,3.611,220
2021-03-17T00:00:00.000Z,3.17,13.35,5.49,4.47,6.7,1.668,246
2021-03-18T00:00:00.000Z,5.7,16.67,10.5,9.55,12.18,1.944,227
2021-03-19T00:00:00.000Z,6.63,21.23,10.93,9.02,13.09,3.03,213
2021-03-20T00:00:00.000Z,2.1,19.85,7.5,5.44,10.21,3.019,221
2021-03-21T00:00:00.000Z,3.08,16.55,6.42,4.9,9.94,2.744,210
2021-03-22T00:00:00.000Z,5.93,28.9,14.1,9.75,20.2,5.951,218
2021-03-23T00:00:00.000Z,6.88,22.88,10.49,9.23,12.95,3.336,294
2021-03-24T00:00:00.000Z,4.45,22.05,11.63,9.06,13.28,2.973,185
2021-03-25T00:00:00.000Z,7.88,31.8,15.65,13.07,19.5,4.625,207
2021-03-26T00:00:00.000Z,3.83,31.4,9.05,6.03,14.4,6.867,159
2021-03-27T00:00:00.000Z,5.68,23.8,10.25,8.01,18.55,5.784,148
2021-03-28T00:00:00.000Z,8.1,26.1,17.73,13.44,19.67,4.478,117
2021-03-29T00:00:00.000Z,2.75,29.52,10.73,5.03,17.07,7.637,190
2021-03-30T00:00:00.000Z,1.2,17.02,3.49,2.6,4.84,1.977,202
2021-03-31T00:00:00.000Z,2.1,10.8,4.47,4,5.22,1.714,189
2021-04-01T00:00:00.000Z,0.7,5.47,2.29,1.8,2.8,1.025,172
2021-04-02T00:00:00.000Z,1.83,13.63,5.56,4.05,7.51,2.866,196
2021-04-03T00:00:00.000Z,1.43,9.6,3.7,2.13,5.73,2.059,202
2021-04-04T00:00:00.000Z,3.28,22.25,7.3,4.47,10,4.99,187
2021-04-05T00:00:00.000Z,5.09,35.58,9.34,7.67,10.73,4.14,136
2021-04-06T00:00:00.000Z,4.72,11.93,7.43,6.18,8.34,1.581,189
2021-04-07T00:00:00.000Z,0.6,8.8,2.7,1.55,5.76,2.468,97
2021-04-08T00:00:00.000Z,1.12,70.31,6.82,2.84,33.97,19.5,180
2021-04-09T00:00:00.000Z,0.8,69.05,11.45,2.1,44.05,22.975,183
2021-04-10T00:00:00.000Z,1.2,46.72,7.1,1.99,19.1,12.875,161
2021-04-11T00:00:00.000Z,2.04,36.13,5.42,3.86,12.06,11.313,92
2021-04-12T00:00:00.000Z,1.52,41.78,4.15,2.92,5.78,4.659,73
2021-04-13T00:00:00.000Z,0.6,15.3,1.9,1,5.47,3.003,111
2021-04-14T00:00:00.000Z,0.95,12,2,1.67,3.15,2.65,122
2021-04-15T00:00:00.000Z,2.17,10.25,4.62,3.2,5.93,1.915,78
2021-04-16T00:00:00.000Z,0.7,13.45,4.88,2.54,6.4,2.587,127
2021-04-17T00:00:00.000Z,0.56,35.72,1.67,1.39,2.75,4.522,136
2021-04-18T00:00:00.000Z,0.7,26.33,7.6,3.45,13.73,6.297,131
2021-04-19T00:00:00.000Z,0.4,4.75,2.04,1.09,2.74,1.033,125
2021-04-20T00:00:00.000Z,1.38,6.05,2.22,2,2.65,0.933,23
2021-04-21T00:00:00.000Z,2.1,14.35,5.5,4.2,9.55,3.117,59
2021-04-22T00:00:00.000Z,0.7,39.42,6.9,1.38,9.6,9.526,115
2021-04-23T00:00:00.000Z,0.5,35.6,5.65,1.9,14.93,7.898,106
2021-04-24T00:00:00.000Z,0.95,38,3.8,2.17,6.48,4.598,125
2021-04-25T00:00:00.000Z,4.07,69.72,28.75,6.97,50.44,21.291,157
2021-04-26T00:00:00.000Z,4.82,59.22,14.05,8.27,24.54,17.294,125
2021-04-27T00:00:00.000Z,7.9,65.45,25.19,16.57,46.63,16.995,120
2021-04-28T00:00:00.000Z,1.08,37.67,14.39,10.07,17.67,10.225,120
2021-04-29T00:00:00.000Z,2.29,20.05,7.72,6.72,11.13,3.907,114
2021-04-30T00:00:00.000Z,1.17,6.32,4.03,2.75,4.78,1.266,102
2021-05-01T00:00:00.000Z,1.12,17.7,5.18,3.09,8.69,3.782,137
2021-05-02T00:00:00.000Z,1.6,9.75,3.13,2.33,6.2,2.043,131
2021-05-03T00:00:00.000Z,0.9,6.72,4.01,3.06,5.04,1.38,120
2021-05-04T00:00:00.000Z,0.7,10.4,1.88,1.33,2.42,1.067,117
2021-05-05T00:00:00.000Z,3,14.73,4.68,4.07,8.88,3.108,116
2021-05-06T00:00:00.000Z,1.2,14.82,8.07,5.76,10.92,3.369,105
2021-05-07T00:00:00.000Z,0.38,13.3,1.59,1.04,1.98,2.516,116
2021-05-08T00:00:00.000Z,1.6,8.3,4.68,3.31,5.56,1.549,121
2021-05-09T00:00:00.000Z,0.9,18.92,5.52,2.2,7.74,4.16,140
2021-05-10T00:00:00.000Z,0.38,75.13,4.46,1.35,11.6,16.84,128
2021-05-11T00:00:00.000Z,1.52,8.43,2.47,2.29,3.4,1.125,95
2021-05-12T00:00:00.000Z,2.04,24.8,10.16,3.33,15.65,6.879,114
2021-05-13T00:00:00.000Z,0.6,17.6,4,1.4,7.32,3.834,141
2021-05-14T00:00:00.000Z,0.35,10.8,1.89,1.27,3.04,2.915,120
2021-05-15T00:00:00.000Z,2.8,72.3,10.35,6.2,24.7,13.408,142
2021-05-16T00:00:00.000Z,5.63,54.38,18.75,12.9,28,12.65,142
2021-05-17T00:00:00.000Z,2.6,20.5,7,5.24,9.72,4.257,121
2021-05-18T00:00:00.000Z,1.63,35.67,8.26,5.29,15.68,8.565,108
2021-05-19T00:00:00.000Z,0.82,13.32,2,1.5,2.7,1.28,142
2021-05-20T00:00:00.000Z,0.88,33.38,2.68,1.8,6.95,4.588,146
2021-05-25T00:00:00.000Z,1.8,32.97,3.33,2.7,8.01,5.777,136
2021-05-26T00:00:00.000Z,1.52,16.3,3.61,2.29,4.4,1.873,150
2021-05-27T00:00:00.000Z,0.17,14.73,1.45,0.6,8.13,4.388,146
2021-05-28T00:00:00.000Z,0.65,4.9,1.42,1.1,1.77,0.775,141
2021-05-29T00:00:00.000Z,0.7,22.7,1.88,1.13,4.68,3.58,129
2021-05-30T00:00:00.000Z,2.7,13.4,4.5,3.83,9.75,3.154,162
2021-05-31T00:00:00.000Z,2.08,17.07,4.3,3.29,5.2,2.741,129
2021-06-01T00:00:00.000Z,2.5,28.58,4.8,3.69,9.01,3.921,157
2021-06-02T00:00:00.000Z,2.38,60.55,5.39,3.66,13.75,8.103,136
2021-06-03T00:00:00.000Z,1,7.7,2.08,1.4,3.13,1.583,141
2021-06-04T00:00:00.000Z,1.2,11.7,2.13,1.79,2.91,2.373,84
2021-06-07T00:00:00.000Z,2.65,11.13,5.13,4.15,7.14,2.068,153
2021-06-08T00:00:00.000Z,0.1,11.7,1.23,0.65,3.75,3.152,225
2021-06-09T00:00:00.000Z,0.28,10.52,0.9,0.6,3.67,1.932,250
2021-06-10T00:00:00.000Z,0.35,24.98,1.5,0.98,5.05,3.873,168
2021-06-11T00:00:00.000Z,0.3,9.98,1.1,0.6,4.65,2.506,143
2021-06-12T00:00:00.000Z,0.3,15.8,1.39,1,3.14,2.721,136
2021-06-13T00:00:00.000Z,0.95,22.8,5.26,3.1,12.68,5.566,114
2021-06-14T00:00:00.000Z,3.13,3.13,3.13,3.13,3.13,0,1
2021-06-15T00:00:00.000Z,1.42,11.95,3.9,2.29,6.93,2.536,176
2021-06-16T00:00:00.000Z,1.6,14.52,6.53,4.34,7.68,2.332,159
2021-06-17T00:00:00.000Z,3.88,29,8.25,6.72,13.04,4.832,221
2021-06-18T00:00:00.000Z,4.75,24.38,8.49,7.55,17.88,5.785,220
2021-06-19T00:00:00.000Z,0.32,16.98,7.72,3.45,9.69,4.03,253
2021-06-20T00:00:00.000Z,0.2,2.13,0.45,0.32,0.55,0.291,83
2021-06-21T00:00:00.000Z,1.5,14.8,5.78,4.22,9.13,3.435,150
2021-06-22T00:00:00.000Z,1,31.23,6.75,3.75,14.55,6.873,214
2021-06-23T00:00:00.000Z,0.4,26.2,2.58,1.01,4.88,4.211,273
2021-06-24T00:00:00.000Z,0.6,6.57,1.94,1.35,2.67,0.968,250
2021-06-25T00:00:00.000Z,0.8,17.85,3.6,2.7,4.55,1.636,277
2021-06-26T00:00:00.000Z,1.2,14.07,4.09,2.38,7.1,2.819,287
2021-06-27T00:00:00.000Z,1.35,10.55,2.95,2.15,4.93,2.234,297
2021-06-28T00:00:00.000Z,1.63,31.42,6.1,3.95,16.14,7.476,260
2021-06-29T00:00:00.000Z,0.7,34.85,2.33,1.1,3.83,3.021,280
2021-06-30T00:00:00.000Z,1.88,20.7,4.45,3.17,5.39,2.054,277
2021-07-01T00:00:00.000Z,1.58,25.52,6.1,4.53,16.64,6.535,238
2021-07-02T00:00:00.000Z,3.55,21.7,12.15,5.8,14.3,4.737,227
2021-07-03T00:00:00.000Z,6.5,20.39,12.7,10.77,16.35,3.395,285
2021-07-04T00:00:00.000Z,15.43,17.92,16.95,16.12,17.64,0.818,16
2021-07-06T00:00:00.000Z,0.5,29.17,2.52,1.26,19.62,8.761,269
2021-07-07T00:00:00.000Z,0.4,10.88,1.32,0.9,3.8,1.962,252
2021-07-08T00:00:00.000Z,0.75,3.6,1.4,1.1,1.8,0.584,271
2021-07-09T00:00:00.000Z,1.7,20.55,3.75,2.8,13.82,6.003,303
2021-07-10T00:00:00.000Z,3.58,26.92,10.77,6.55,14.45,4.704,303
2021-07-11T00:00:00.000Z,1.35,19.6,4.84,3.1,11.95,5.251,326
2021-07-12T00:00:00.000Z,6.45,37.7,10.07,8.32,12.05,3.193,258
2021-07-13T00:00:00.000Z,4,12.1,6.43,5,8.85,2.166,218
2021-07-14T00:00:00.000Z,2.1,12.8,5.93,4.8,8.43,2.4,242
2021-07-15T00:00:00.000Z,0.7,10.52,2.17,1.3,5.7,2.845,285
2021-07-16T00:00:00.000Z,0.6,9.43,1.8,1.08,3.35,2.57,251
2021-07-17T00:00:00.000Z,1.1,11.1,2.13,1.73,2.94,2.609,313
2021-07-18T00:00:00.000Z,3.33,25.85,9.77,7.3,12.07,3.09,254
2021-07-19T00:00:00.000Z,1.2,7.9,3.2,2.29,3.92,1.068,236
2021-07-20T00:00:00.000Z,1.63,20.5,3.58,2.72,8.52,5.794,250
2021-07-21T00:00:00.000Z,3.45,28.63,13.01,4.2,14.3,5.443,264
2021-07-22T00:00:00.000Z,5.32,20.27,10.63,7.03,13.18,3.29,235
2021-07-23T00:00:00.000Z,4.88,15.07,6.74,6.13,8.3,2.278,274
2021-07-24T00:00:00.000Z,6.5,6.5,6.5,6.5,6.5,0,1
2021-07-25T00:00:00.000Z,13.15,13.3,13.23,13.15,13.3,0.075,2
2021-07-26T00:00:00.000Z,0.2,18.39,9.32,0.5,13.15,5.79,273
2021-07-27T00:00:00.000Z,0.22,4.57,1,0.6,1.7,0.66,332
2021-07-28T00:00:00.000Z,0.6,13.75,1.12,0.9,3.1,2.293,322
2021-07-29T00:00:00.000Z,1.55,10.93,3.2,2.5,4.45,2.112,290
2021-07-30T00:00:00.000Z,1.63,16.13,4.72,3.45,6.53,2.699,235
2021-07-31T00:00:00.000Z,1.4,6.07,2.9,2.1,4.3,1.316,247
2021-08-01T00:00:00.000Z,2.2,28.45,4.34,3.12,11.15,7.888,241
2021-08-02T00:00:00.000Z,2.9,36.97,5.07,3.8,7.74,4.646,233
2021-08-03T00:00:00.000Z,2.9,12.7,4,3.38,4.8,1.958,62
2021-08-05T00:00:00.000Z,3.15,18.57,6.57,4.95,8.8,4.422,228
2021-08-06T00:00:00.000Z,2.27,26.75,13.77,6.84,16.76,6.41,297
2021-08-07T00:00:00.000Z,3.1,52.75,21.67,6.75,29.28,11.445,301
2021-08-08T00:00:00.000Z,15.48,39.08,22.73,20.3,26.88,5.041,279
2021-08-09T00:00:00.000Z,12.75,79.47,27.44,22.13,37.15,11.892,218
2021-08-10T00:00:00.000Z,14.82,58.63,35.35,22.63,46.28,12.532,289
2021-08-11T00:00:00.000Z,3.75,22.02,10.38,6.27,13.15,4.285,211
2021-08-12T00:00:00.000Z,2.29,28.25,5.93,4.72,8.11,6.024,265
2021-08-13T00:00:00.000Z,0.56,27.77,13.63,3.35,18.14,7.154,499
2021-08-14T00:00:00.000Z,11.63,49.88,33.94,23.48,38.65,8.511,418
2021-08-15T00:00:00.000Z,3.45,33.67,8.3,7.13,11.35,5.808,435
2021-08-16T00:00:00.000Z,4.68,33.6,9.59,7.32,19.1,7.525,490
2021-08-17T00:00:00.000Z,2.6,39.9,4.25,3.4,24.63,11.631,206
2021-08-19T00:00:00.000Z,1.35,21.25,3.7,2.82,5.22,2.182,492
2021-08-20T00:00:00.000Z,0.4,23.95,2.17,1.6,2.91,1.503,477
2021-08-21T00:00:00.000Z,0.45,10.3,1.9,1.25,3.2,1.857,513
2021-08-22T00:00:00.000Z,0.9,4.72,1.9,1.45,2.78,0.952,479
2021-08-23T00:00:00.000Z,1.92,19.92,7.25,3.38,9.02,3.525,522
2021-08-24T00:00:00.000Z,3.2,28.77,7.4,5.13,9.1,6.404,467
2021-08-25T00:00:00.000Z,2.1,20.23,4.9,3.09,5.92,3.074,504
2021-08-26T00:00:00.000Z,4.3,16.32,9.76,7.28,10.8,2.708,366
2021-08-27T00:00:00.000Z,5.9,42.38,13.21,8.1,23.08,9.799,384
2021-08-28T00:00:00.000Z,1.5,37.78,5.82,4.65,13.1,6.442,347
2021-08-29T00:00:00.000Z,1,20.6,7.25,4.22,10.32,3.941,367
2021-08-30T00:00:00.000Z,0.1,37.33,4.38,2.29,14.51,8.148,501
2021-08-31T00:00:00.000Z,2.08,12.77,4.68,3.92,6.18,1.632,505
2021-09-01T00:00:00.000Z,1.45,39.53,5.75,3.35,7.2,4.822,491
2021-09-02T00:00:00.000Z,0.47,33.35,9.4,3.45,13.5,6.961,498
2021-09-03T00:00:00.000Z,1.14,25.77,6.02,2.6,7.03,4.432,526
2021-09-04T00:00:00.000Z,2.4,9.23,5.59,3.9,6.95,1.742,518
2021-09-05T00:00:00.000Z,3.2,8.6,5.2,4.13,6.15,1.29,451
2021-09-06T00:00:00.000Z,5.53,21.88,9.1,7.74,11.99,4.126,445
2021-09-07T00:00:00.000Z,5.15,31.7,10.8,9.06,12.75,3.497,421
2021-09-08T00:00:00.000Z,4.45,32.38,10.48,7.63,14.54,5.38,541
2021-09-09T00:00:00.000Z,0.22,15.43,2.4,1.5,3.2,2.684,472
2021-09-10T00:00:00.000Z,1.38,8.15,2.85,2.4,3.67,1.105,527
2021-09-11T00:00:00.000Z,1.5,23.67,5.65,4.09,7.65,3.786,538
2021-09-12T00:00:00.000Z,0.4,8.3,1.9,1.25,2.67,1.38,542
2021-09-13T00:00:00.000Z,0.9,3.83,1.42,1.2,1.9,0.725,531
2021-09-14T00:00:00.000Z,0.32,24.02,3.3,2.15,10.07,6.888,549
2021-09-15T00:00:00.000Z,7,40.45,19.82,13.15,30.94,9.275,544
2021-09-16T00:00:00.000Z,2.75,25.7,6.63,4.84,12.73,5.783,524
2021-09-17T00:00:00.000Z,1.5,25.48,3.95,2.7,5.47,2.216,526
2021-09-18T00:00:00.000Z,0.93,5.82,2.5,1.8,2.92,0.73,530
2021-09-19T00:00:00.000Z,0.8,9,3.67,2.85,4.73,1.459,529
2021-09-20T00:00:00.000Z,0.15,7.93,2.8,1.13,5.2,2.29,529
2021-09-21T00:00:00.000Z,0.1,11.15,1.7,0.6,2.6,1.541,536
2021-09-22T00:00:00.000Z,0.2,26.23,3.58,1.2,6.97,4.11,523
2021-09-23T00:00:00.000Z,1.2,23.8,3.25,2.08,5.52,4.018,533
2021-09-24T00:00:00.000Z,0.7,10.19,2,1.42,3.47,1.917,514
2021-09-25T00:00:00.000Z,0.2,23.2,3.32,1.3,6.32,4.591,538
2021-09-26T00:00:00.000Z,0.3,47.33,7.75,3.67,12.95,9.089,507
2021-09-27T00:00:00.000Z,1.1,176.7,19.6,5.7,36.25,19.48,443
2021-09-28T00:00:00.000Z,2.72,85.03,23.97,7.76,40.9,22.101,536
2021-09-29T00:00:00.000Z,2.7,15.13,5.13,4.18,7.63,3.135,537
2021-09-30T00:00:00.000Z,2.29,22.67,6.85,5.78,9.68,4.217,517
2021-10-01T00:00:00.000Z,3.9,14.7,9.15,4.97,12.2,3.511,107
2021-10-03T00:00:00.000Z,0.4,12.57,3.2,1.67,4.47,2.526,390
2021-10-04T00:00:00.000Z,3.08,16.39,7.06,5.85,8.25,2.118,520
2021-10-05T00:00:00.000Z,0.65,18.75,2.5,1.7,4.5,2.457,529
2021-10-06T00:00:00.000Z,0.95,29.5,3.28,1.9,5.75,3.207,533
2021-10-07T00:00:00.000Z,1.2,7.5,3.9,2.75,4.65,1.172,535
2021-10-08T00:00:00.000Z,2.97,7.72,4.75,4.13,5.43,0.902,537
2021-10-09T00:00:00.000Z,2.4,16.3,7.18,5.2,9.3,2.494,532
2021-10-10T00:00:00.000Z,0.25,19.25,3.24,1.23,8.52,5.873,538
2021-10-11T00:00:00.000Z,0.32,11.95,2.45,1.21,4.28,2.399,517
2021-10-12T00:00:00.000Z,0.4,17.32,4.47,1.92,7.19,3.435,485
2021-10-13T00:00:00.000Z,0.56,31.65,1.5,1.17,14.48,8.834,214
2021-10-15T00:00:00.000Z,18.92,70.28,43.7,35.29,50.63,10.226,231
2021-10-16T00:00:00.000Z,7.95,214.75,40.92,26.58,100.53,56.931,523
2021-10-17T00:00:00.000Z,7.93,63.47,24.45,20.67,35.9,14.023,507
2021-10-18T00:00:00.000Z,2.78,27.3,5.7,4.8,11.39,7.032,516
2021-10-19T00:00:00.000Z,5.97,46.22,9.55,7.6,11.6,3.768,546
2021-10-20T00:00:00.000Z,4.8,39.28,12.88,10.8,15.5,5.074,527
2021-10-21T00:00:00.000Z,4.78,21.33,10.02,8.48,11.49,2.023,529
2021-10-22T00:00:00.000Z,6.38,32.29,9.05,7.53,10.52,3.016,103
2021-10-23T00:00:00.000Z,2,18,6.3,4.38,11.2,3.74,343
2021-10-24T00:00:00.000Z,4.84,21.75,8.19,7.1,9.41,3.49,528
2021-10-25T00:00:00.000Z,2.25,20.14,3.75,3.13,6.25,4.482,535
2021-10-26T00:00:00.000Z,0.1,14.5,3.67,0.6,4.9,2.573,523
2021-10-27T00:00:00.000Z,0.3,4.59,0.85,0.68,1.14,0.502,499
2021-10-28T00:00:00.000Z,1.1,6.25,3.15,2.35,3.8,1.041,501
2021-10-29T00:00:00.000Z,2.6,22.17,4.47,3.75,6.3,3.061,522
2021-10-30T00:00:00.000Z,0.4,24.4,1.25,0.95,1.88,4.998,479
2021-10-31T00:00:00.000Z,0.9,15.45,4.95,2.9,9.55,3.908,499
2021-11-01T00:00:00.000Z,0.4,14.68,3,1.5,6.78,3.175,514
2021-11-02T00:00:00.000Z,0.35,4.34,1.17,0.9,1.6,0.626,278
2021-11-03T00:00:00.000Z,0.47,8.88,2.54,1.95,3.6,1.449,254
2021-11-04T00:00:00.000Z,0.87,9.25,3.2,2.08,4.47,1.659,270
2021-11-05T00:00:00.000Z,1.8,12.55,6.81,5.62,8.19,1.913,268
2021-11-06T00:00:00.000Z,2.7,10.9,5.55,4.45,7.45,1.815,274
2021-11-07T00:00:00.000Z,1.98,9.3,3.35,2.97,4.03,1.481,270
2021-11-08T00:00:00.000Z,1.58,3.9,2.4,2.1,2.72,0.426,238
2021-11-09T00:00:00.000Z,2.5,10.68,6.12,4.97,6.88,1.447,264
2021-11-10T00:00:00.000Z,1.92,17.64,4.8,3.22,7.7,3.747,263
2021-11-11T00:00:00.000Z,0.85,17.6,4.76,2.08,5.93,2.321,266
2021-11-12T00:00:00.000Z,1.7,35.65,8.65,4.63,13.82,4.995,251
2021-11-13T00:00:00.000Z,1.8,18.52,3.93,2.9,4.88,4.344,270
2021-11-14T00:00:00.000Z,3.9,14.95,10.75,7.72,12.25,2.689,275
2021-11-15T00:00:00.000Z,0.35,32.85,10.73,1.82,12.62,5.625,268
2021-11-16T00:00:00.000Z,1.98,12.2,5.09,3.83,6.65,2.177,262
2021-11-17T00:00:00.000Z,3.08,20.2,9.73,5.63,12.8,4.374,203
2021-11-18T00:00:00.000Z,1.25,27.37,4.2,2.52,12.82,6.775,239
2021-11-19T00:00:00.000Z,1.5,8.75,3.65,2.91,4.47,1.338,237
2021-11-20T00:00:00.000Z,1.92,10.45,3.78,3.25,5,1.756,251
2021-11-21T00:00:00.000Z,1.88,9.98,3.25,2.83,3.7,0.864,273
2021-11-22T00:00:00.000Z,0.98,13.77,3.74,2.27,4.68,2.6,268
2021-11-23T00:00:00.000Z,1.1,9.4,3,2.1,4.38,1.662,276
2021-11-24T00:00:00.000Z,1.12,7.9,3.88,2.94,4.63,1.19,277
2021-11-25T00:00:00.000Z,0.68,27.6,4.84,3.25,6.43,4.097,275
2021-11-26T00:00:00.000Z,4.18,14.73,8.57,7.07,10.13,2.085,275
2021-11-27T00:00:00.000Z,1.9,10.23,4.86,4,5.9,1.371,270
2021-11-28T00:00:00.000Z,3.4,15.25,9.35,8.26,10.79,2.088,261
2021-11-29T00:00:00.000Z,3.05,47.72,6.5,5.63,8.1,3.91,270
2021-11-30T00:00:00.000Z,3.7,14.27,7.42,6.45,8.38,1.668,270
2021-12-01T00:00:00.000Z,6.78,19.3,10.48,9.31,11.94,1.8,261
2021-12-02T00:00:00.000Z,1.5,15.1,7.64,4.22,10.57,3.535,266
2021-12-03T00:00:00.000Z,1.55,14.77,2.79,2.29,3.7,1.77,122
2021-12-04T00:00:00.000Z,4,12.85,7.75,6.05,9.77,2.209,255
2021-12-05T00:00:00.000Z,7.25,26.8,14.32,12.2,16.07,3.465,263
2021-12-06T00:00:00.000Z,9.25,21.7,13.81,12.15,16.67,2.771,274
2021-12-07T00:00:00.000Z,0.43,17.92,8.77,2.16,11.43,5.042,264
2021-12-08T00:00:00.000Z,1,5.97,3.12,2.35,3.75,0.929,258
2021-12-09T00:00:00.000Z,1.83,7,4.28,3.42,5.03,1.168,46
2021-12-16T00:00:00.000Z,4.3,9.27,6.6,5.92,7.47,1.047,105
2021-12-17T00:00:00.000Z,3.15,16.95,6.7,4.67,10.16,3.3,268
2021-12-18T00:00:00.000Z,1.3,20.27,7.03,4.97,9.07,3.156,267
2021-12-19T00:00:00.000Z,0.7,36.17,3.17,2.44,4.67,5.015,248
2021-12-20T00:00:00.000Z,1.27,8.93,3.9,3.15,4.84,1.39,251
2021-12-21T00:00:00.000Z,2.57,77.4,15,8.3,23.55,12.81,265
2021-12-22T00:00:00.000Z,4.3,19.48,11.27,7.83,14.25,3.537,263
2021-12-23T00:00:00.000Z,5,24.25,12.1,9.85,15.2,3.87,259
2021-12-24T00:00:00.000Z,5.18,24.27,11.33,7.45,16.13,4.875,278
2021-12-25T00:00:00.000Z,2.29,60.88,10.64,5.87,23.95,13.139,252
2021-12-26T00:00:00.000Z,1,59.9,8.64,5.88,11.4,10.89,256
2021-12-27T00:00:00.000Z,5,34.95,12.98,8.89,21.87,7.214,269
2021-12-28T00:00:00.000Z,6.78,23.35,11.76,10.07,13.3,2.883,270
2021-12-29T00:00:00.000Z,6.15,13.45,9,8.19,10.07,1.413,275
2021-12-30T00:00:00.000Z,1.38,16.5,7.77,5.44,10.13,3.237,276
2021-12-31T00:00:00.000Z,4.13,51.15,11.13,8.74,12.82,3.792,257
2022-01-01T00:00:00.000Z,4.32,33.25,10.6,8.9,14.18,5.603,263
2022-01-02T00:00:00.000Z,7.25,36.97,16.14,12.89,22.06,6.857,261
2022-01-03T00:00:00.000Z,8.73,22.98,14.39,12.47,16.92,3.011,268
2022-01-04T00:00:00.000Z,2.65,22.6,7.18,4.95,10.5,4.075,270
2022-01-05T00:00:00.000Z,3.38,10.15,6.15,5.15,7.35,1.449,274
2022-01-06T00:00:00.000Z,2.73,34.47,9.57,7.35,11.93,3.434,272
2022-01-07T00:00:00.000Z,7.68,32.54,15.67,13.56,18.86,4.424,268
2022-01-08T00:00:00.000Z,8.8,62.15,20.1,16.2,25.13,9.833,275
2022-01-09T00:00:00.000Z,2.47,23.25,7.69,4.75,11.8,5.198,274
2022-01-10T00:00:00.000Z,1.2,12.1,4.22,2.92,6.4,2.498,282
2022-01-11T00:00:00.000Z,3.53,13.2,7.45,6.07,8.63,1.819,269
2022-01-12T00:00:00.000Z,2.45,36.47,10.8,8.69,18.45,7.281,262
2022-01-13T00:00:00.000Z,5.03,52.95,17.98,12.77,22.13,7.432,263
2022-01-14T00:00:00.000Z,3.03,63.72,19.45,13.18,27.1,10.74,266
2022-01-15T00:00:00.000Z,4.57,37.5,10.4,7.93,14.5,6.757,273
2022-01-16T00:00:00.000Z,3.4,26.7,6.74,5.2,15.01,6.85,268
2022-01-17T00:00:00.000Z,1.3,11.63,3.21,2.6,4.59,2.189,278
2022-01-18T00:00:00.000Z,4,18.38,8.27,6.74,10.78,3.156,269
2022-01-19T00:00:00.000Z,4.59,19.32,11.1,9.1,13,2.733,261
2022-01-20T00:00:00.000Z,5.93,15.93,10.43,9.41,11.52,1.584,272
2022-01-21T00:00:00.000Z,4.05,132.19,18.47,13.28,31.29,18.445,257
2022-01-22T00:00:00.000Z,11.55,95.28,22.47,18.82,30.52,13.977,252
2022-01-23T00:00:00.000Z,1.9,38.2,11.32,8.9,18,6.121,259
2022-01-24T00:00:00.000Z,4.93,57.38,14.58,11.2,17.95,6.965,250
2022-01-25T00:00:00.000Z,6.22,22.05,13.13,11.35,15.52,2.984,270
2022-01-26T00:00:00.000Z,8.48,40.5,19.34,14.78,28.09,7.901,268
2022-01-27T00:00:00.000Z,10.68,61.4,25.33,20.66,31.04,8.112,265
2022-01-28T00:00:00.000Z,9.68,34.9,18.67,15.2,21.16,4.213,264
2022-01-29T00:00:00.000Z,10.19,35.29,20.95,18.23,24.56,4.506,268
2022-01-30T00:00:00.000Z,9.43,58.58,26.75,17.37,32.65,9.672,267
2022-01-31T00:00:00.000Z,8.4,36.35,24.6,20.32,28.17,5.374,231
2022-02-01T00:00:00.000Z,11.88,20.9,16.25,15,17.63,1.702,146
2022-02-02T00:00:00.000Z,13.07,36.42,18.71,16.69,21.25,3.331,260
2022-02-03T00:00:00.000Z,8.9,30.2,18.97,15.76,21.6,4.137,252
2022-02-04T00:00:00.000Z,6.07,19.07,11.75,9.8,13.6,2.414,259
2022-02-05T00:00:00.000Z,4.97,16.75,10.55,7.92,11.99,2.576,269
2022-02-06T00:00:00.000Z,4.8,18.27,8.68,7.05,10.27,2.22,267
2022-02-07T00:00:00.000Z,1.58,39.54,8.77,5.4,13.13,6.395,262
2022-02-08T00:00:00.000Z,0.43,57.2,5.9,3.76,13.52,11.989,273
2022-02-09T00:00:00.000Z,0.43,24.48,3.6,2.52,5.13,2.784,267
2022-02-10T00:00:00.000Z,0.73,12.82,4.13,2.97,5.88,2.248,263
2022-02-11T00:00:00.000Z,1.33,41.67,10.05,5.45,14.8,8.383,262
2022-02-12T00:00:00.000Z,2,29.4,8.49,6,11.55,4.559,262
2022-02-13T00:00:00.000Z,3.8,27.77,10.43,8.07,16.64,5.983,272
2022-02-14T00:00:00.000Z,5.7,27.35,13.38,9.6,19.77,5.515,271
2022-02-15T00:00:00.000Z,7.9,28.6,17.64,13.55,20.55,4.091,180
2022-02-17T00:00:00.000Z,2.63,25,13.1,10.48,16.25,4.281,250
2022-02-18T00:00:00.000Z,3.8,17.88,11.57,9.5,13.54,2.93,277
2022-02-19T00:00:00.000Z,7.28,22.05,13.88,11.38,16.12,3.192,277
2022-02-20T00:00:00.000Z,6.22,25.38,14.02,10.26,18.19,4.753,269
2022-02-21T00:00:00.000Z,4.3,26.83,11,8.32,14.26,4.286,273
2022-02-22T00:00:00.000Z,6.05,19.88,11.16,8.85,13.65,2.825,282
2022-02-23T00:00:00.000Z,9.43,26.75,15.05,12.89,18.13,3.66,277
2022-02-24T00:00:00.000Z,7.43,23.55,12.74,11.02,15.52,3.124,274
2022-02-25T00:00:00.000Z,3.3,21.58,11,9.15,12.73,3.296,271
2022-02-26T00:00:00.000Z,0.9,11.68,2.9,2.31,4.38,1.8,277
2022-02-27T00:00:00.000Z,2.88,15.38,6.53,4.65,8.82,2.858,275
2022-02-28T00:00:00.000Z,8,21.17,13.02,10.67,15.57,2.914,277
2022-03-01T00:00:00.000Z,3.58,22.95,11.75,8.75,14.14,4.511,277
2022-03-02T00:00:00.000Z,0.55,15.45,1.88,1.3,3.59,2.846,265
2022-03-03T00:00:00.000Z,1,10.85,3.35,2.5,4.57,2.12,272
2022-03-04T00:00:00.000Z,4.09,15.32,8.63,6.32,10.52,2.763,279
2022-03-05T00:00:00.000Z,11.1,25.5,15.6,13.57,17.52,2.841,279
2022-03-06T00:00:00.000Z,1.58,41.6,10.8,6.18,17.93,9.981,272
2022-03-07T00:00:00.000Z,1.5,9.44,3.15,2.58,4.13,1.356,279
2022-03-08T00:00:00.000Z,1.4,11.38,3.39,2.65,4.5,2.08,270
2022-03-09T00:00:00.000Z,1.12,11.85,3.28,2.27,4.09,1.561,261
2022-03-10T00:00:00.000Z,0.3,48.8,1.74,1.1,6.69,11.365,276
2022-03-11T00:00:00.000Z,0.38,24.7,3.54,1.62,8.28,5.236,268
2022-03-12T00:00:00.000Z,0.55,38.95,8.63,3.21,15.38,8.156,260
2022-03-13T00:00:00.000Z,0.4,52.83,2.5,1.42,10.92,12.128,269
2022-03-14T00:00:00.000Z,0.52,13.65,3.09,1.63,5.7,2.612,270
2022-03-15T00:00:00.000Z,1.02,27.48,5.95,3.15,9.73,5.069,267
2022-03-16T00:00:00.000Z,0.7,32,2.29,1.6,3.6,5.74,273
2022-03-17T00:00:00.000Z,0.5,13.27,1.9,1.48,2.33,1.273,274
2022-03-18T00:00:00.000Z,0.4,19.25,3.9,2.4,5.5,3.098,267
2022-03-19T00:00:00.000Z,1.1,9.25,2.02,1.75,2.75,1.175,276
2022-03-20T00:00:00.000Z,1.52,9.23,3.79,2.97,4.8,1.403,276
2022-03-21T00:00:00.000Z,5.32,17,9.13,7.75,11.72,2.685,264
2022-03-22T00:00:00.000Z,4.47,15.07,8.02,6.62,10.19,2.231,277
2022-03-23T00:00:00.000Z,5.09,19.63,11.75,8.05,14.12,3.368,273
2022-03-24T00:00:00.000Z,0.9,9.63,4.4,2.94,6.2,2.162,265
2022-03-25T00:00:00.000Z,0.9,19.38,3.33,2.15,4.44,4.345,273
2022-03-26T00:00:00.000Z,0.3,25.77,1.8,1.1,2.9,6.508,272
2022-03-27T00:00:00.000Z,0.8,25.23,4.09,2.29,9.35,5.074,273
2022-03-28T00:00:00.000Z,0.7,12.77,3.49,1.6,6.79,3.083,276
2022-03-29T00:00:00.000Z,8.69,25.6,15.54,13.42,17.3,2.859,276
2022-03-30T00:00:00.000Z,1.5,12.4,4.59,2.83,5.75,2.409,271
2022-03-31T00:00:00.000Z,1.6,12.85,3.1,2.42,4.34,2.396,279
2022-04-01T00:00:00.000Z,1.48,9.98,2.83,2.2,4.4,1.579,265
2022-04-02T00:00:00.000Z,0.95,33.6,4.59,2.7,7.18,7.961,250
2022-04-03T00:00:00.000Z,1.7,9.13,3.1,2.67,4.04,1.586,276
2022-04-04T00:00:00.000Z,7.53,48.55,14.48,12.4,25.7,11.473,278
2022-04-05T00:00:00.000Z,3.3,12.8,5.88,4.9,6.93,1.861,279
2022-04-06T00:00:00.000Z,1.4,7.2,2.88,2.29,3.45,0.977,273
2022-04-07T00:00:00.000Z,1,8.52,2.83,1.66,3.8,1.255,277
2022-04-08T00:00:00.000Z,1.05,19.42,4.09,3.3,5.52,3.115,281
2022-04-09T00:00:00.000Z,1.88,16.98,4.7,3.35,6.43,2.358,274
2022-04-10T00:00:00.000Z,1.23,10.95,3.95,2.83,5.04,1.502,277
2022-04-11T00:00:00.000Z,0.9,26.98,6.93,2.45,9.68,4.742,271
2022-04-12T00:00:00.000Z,0.82,49.53,7.45,2.12,18.23,10.452,277
2022-04-13T00:00:00.000Z,2.8,31.48,5.09,4.09,6.5,5.229,270
2022-04-14T00:00:00.000Z,1.85,20.25,5.95,3.03,9.63,4.08,270
2022-04-15T00:00:00.000Z,2.42,14.1,8.25,6.72,10,2.682,275
2022-04-16T00:00:00.000Z,3.08,15.32,6.63,5.47,7.68,1.993,278
2022-04-17T00:00:00.000Z,3.7,228,23.89,9.07,147.63,75.056,280
2022-04-18T00:00:00.000Z,0.55,12.32,3.5,1.98,5.07,2.119,271
2022-04-19T00:00:00.000Z,0.55,10.77,2.1,1.6,3.17,1.822,275
2022-04-20T00:00:00.000Z,2.15,100.65,35.53,20.87,58.2,28.086,273
2022-04-21T00:00:00.000Z,14.77,47.88,25.77,21.15,28.89,5.403,272
2022-04-22T00:00:00.000Z,0.6,34.17,2.14,1.55,2.88,6.891,278
2022-04-23T00:00:00.000Z,1.2,19.14,3.21,2.1,7.75,4.197,278
2022-04-24T00:00:00.000Z,1.75,13.25,5.55,4.18,8.75,2.579,283
2022-04-25T00:00:00.000Z,1.7,11.32,5.3,2.47,6.3,2.318,271
2022-04-26T00:00:00.000Z,3.08,10.7,5.2,4.55,7.3,1.786,271
2022-04-27T00:00:00.000Z,4.7,17.85,9.34,7.03,11.88,3.267,270
2022-04-28T00:00:00.000Z,4.28,25.83,10.25,6.31,13.7,4.24,273
2022-04-29T00:00:00.000Z,2.6,52.35,7.92,5.68,9.93,6.536,272
2022-04-30T00:00:00.000Z,0.4,29.27,4.8,2.78,7.73,4.952,281
2022-05-01T00:00:00.000Z,0.4,12.82,1.79,1.3,4.03,2.037,268
2022-05-02T00:00:00.000Z,2.2,35.08,6.82,5.9,7.78,4.021,231
2022-05-03T00:00:00.000Z,0.77,8.77,2.83,1.98,5.55,2.182,262
2022-05-04T00:00:00.000Z,0.9,15.9,3.8,2.54,7.1,3.487,282
2022-05-05T00:00:00.000Z,0.88,23.98,4.13,2,17.2,7.68,275
2022-05-06T00:00:00.000Z,3.3,45.83,10.03,8.15,12.5,6.945,278
2022-05-07T00:00:00.000Z,0.4,29.77,1.6,1.1,2.33,4.644,277
2022-05-08T00:00:00.000Z,0.6,28.67,3.05,1.52,9.94,6.305,275
2022-05-09T00:00:00.000Z,0.8,41.22,6.22,1.63,9.91,9.915,260
2022-05-10T00:00:00.000Z,1.42,18.13,4.45,3.04,7.55,3.727,256
2022-05-11T00:00:00.000Z,5.35,28.7,11.43,8.68,13.88,4.043,259
2022-05-12T00:00:00.000Z,7.2,27.17,10.77,8.93,20.27,5.885,255
2022-05-13T00:00:00.000Z,3.15,21.88,9.57,7.05,12.43,4.316,256
2022-05-14T00:00:00.000Z,6.22,24.48,12.43,9.27,15.85,4.262,266
2022-05-15T00:00:00.000Z,2.29,52.05,8.3,5.6,11.25,5.087,266
2022-05-16T00:00:00.000Z,1.52,10.43,5,2.89,6.45,2.367,261
2022-05-17T00:00:00.000Z,2.13,11.68,4.8,3.2,6.28,1.906,259
2022-05-18T00:00:00.000Z,0.9,14.2,3.95,2.25,8.02,3.549,251
2022-05-19T00:00:00.000Z,1.9,19.07,4.2,3.5,6.55,3.73,255
2022-05-20T00:00:00.000Z,0.9,4.75,2.5,2.02,3,0.725,254
2022-05-21T00:00:00.000Z,0.98,9.19,4.62,1.82,5.52,2.118,252
2022-05-22T00:00:00.000Z,1,15.23,4.51,3.28,7.2,3.345,248
2022-05-23T00:00:00.000Z,0.68,7.07,3.28,1.4,4.23,1.581,253
2022-05-24T00:00:00.000Z,0.9,13.18,3.42,1.75,6.69,3.335,261
2022-05-25T00:00:00.000Z,1.3,7.43,2.5,2.17,3.23,1.239,240
2022-05-26T00:00:00.000Z,0.98,4.5,2.15,1.5,2.58,0.719,253
2022-05-27T00:00:00.000Z,1.14,8.3,2.8,1.8,6.3,2.331,257
2022-05-28T00:00:00.000Z,2.2,17.7,6.17,3.42,8.19,3.45,258
2022-05-29T00:00:00.000Z,1.83,17.48,7.29,5.94,10.01,3.369,228
2022-05-30T00:00:00.000Z,0.7,6.28,2.4,1.25,4.59,1.693,243
2022-05-31T00:00:00.000Z,0.7,6.57,3.1,1.5,4.13,1.456,253
2022-06-01T00:00:00.000Z,0.4,14.2,3.12,1.1,6.32,3.409,254
2022-06-02T00:00:00.000Z,0.45,2.15,0.7,0.65,0.9,0.278,58
2022-06-03T00:00:00.000Z,0.1,8,1.27,0.4,5.32,2.585,149
2022-06-04T00:00:00.000Z,0.2,5,0.95,0.7,1.46,0.869,220
2022-06-05T00:00:00.000Z,0.1,7,1.4,0.9,2,0.995,228
2022-06-06T00:00:00.000Z,0.35,5,1.12,0.8,1.5,0.65,177
2022-06-07T00:00:00.000Z,0.6,23.13,1.9,1.2,4.3,3.524,256
2022-06-08T00:00:00.000Z,1.1,11.8,2.8,2.4,4.93,2.398,170
2022-06-25T00:00:00.000Z,3.72,17.64,5.6,4.87,8.91,3.238,241
2022-06-26T00:00:00.000Z,2.83,14.38,6.3,4.34,8.68,2.783,279
2022-06-27T00:00:00.000Z,1,13.25,5.5,3.14,7.78,2.708,276
2022-06-28T00:00:00.000Z,0.3,2.97,1,0.64,1.65,0.64,268
2022-06-29T00:00:00.000Z,1,7.32,2.4,2,3,0.756,280
2022-06-30T00:00:00.000Z,0.5,5.82,2,1.1,3.4,1.328,271
2022-07-01T00:00:00.000Z,0.88,20.95,2.63,1.7,3.63,2.285,271
2022-07-02T00:00:00.000Z,0.4,4.3,1.41,0.97,2.66,1.096,276
2022-07-03T00:00:00.000Z,1.8,8.25,3.28,2.7,4.59,1.443,259
2022-07-04T00:00:00.000Z,1.65,5.55,3.38,2.5,3.87,0.816,273
2022-07-05T00:00:00.000Z,2.8,10.88,5.3,4.03,6.53,1.603,275
2022-07-06T00:00:00.000Z,2,18.45,6.9,4.34,10.88,4.005,276
2022-07-07T00:00:00.000Z,3.95,14.98,8.15,6.53,10.89,2.727,185
2022-07-08T00:00:00.000Z,1.48,20.65,12.94,3.22,17.23,6.728,204
2022-07-09T00:00:00.000Z,1.2,25.02,6.7,2.83,16.2,7.278,284
2022-07-10T00:00:00.000Z,3.8,36.29,10.5,8.98,12.32,6.034,275
2022-07-11T00:00:00.000Z,0.4,6,2.09,1.3,3.46,1.32,268
2022-07-12T00:00:00.000Z,0.5,12.9,1.8,1.4,3.33,2.336,278
2022-07-13T00:00:00.000Z,0.2,3.97,1.2,0.51,1.8,0.813,253
2022-07-14T00:00:00.000Z,1.23,3.45,2.25,1.55,2.78,0.654,31
2022-07-18T00:00:00.000Z,1.8,5.3,3.1,2.73,3.45,0.64,136
2022-07-19T00:00:00.000Z,1.1,60.13,2.52,2.2,3.08,4.247,277
2022-07-20T00:00:00.000Z,1.8,11.2,5.43,3.47,7.85,2.487,279
2022-07-21T00:00:00.000Z,5.43,36.42,14.63,7.55,26.64,9.986,276
2022-07-22T00:00:00.000Z,2.02,30.52,8.59,6.18,11.57,4.147,278
2022-07-23T00:00:00.000Z,1.4,10.07,2.88,2.2,4,1.397,274
2022-07-24T00:00:00.000Z,0.8,6.07,3.42,2.6,4.07,1.083,276
2022-07-25T00:00:00.000Z,0.2,10.1,1.7,1,2.78,1.756,271
2022-07-26T00:00:00.000Z,1.2,15.1,4.55,2.2,10.02,3.794,273
2022-07-27T00:00:00.000Z,3.55,19.3,6.63,5.09,8.4,2.362,274
2022-07-28T00:00:00.000Z,2.63,18,3.55,3.1,5.32,1.931,153
2022-07-31T00:00:00.000Z,18.57,39.13,24.32,22.33,29.77,5.126,88
2022-08-01T00:00:00.000Z,1.23,26.58,10.82,7.07,13.95,5.365,235
2022-08-02T00:00:00.000Z,1.14,9.69,2.8,1.98,4.59,1.877,262
2022-08-03T00:00:00.000Z,0.73,19.63,2.19,1.42,5.34,5.116,260
2022-08-04T00:00:00.000Z,0.56,15,4.9,1.7,6.69,3.129,225
2022-08-05T00:00:00.000Z,0.9,14.9,4.71,1.8,10.06,4.238,264
2022-08-06T00:00:00.000Z,2.54,46.13,24.19,3.9,30.2,14.347,266
2022-08-07T00:00:00.000Z,22,73.93,34.64,30.29,41.1,7.093,216
2022-08-08T00:00:00.000Z,10.8,30.42,19.3,16.73,24.33,4.848,235
2022-08-09T00:00:00.000Z,4.84,26.25,11.55,7.99,16.85,5.254,264
2022-08-10T00:00:00.000Z,4.65,34.33,9.15,7.05,18.27,6.236,230
2022-08-11T00:00:00.000Z,1.17,38.22,11.9,3.05,14.7,8.882,231
2022-08-12T00:00:00.000Z,0.9,4.3,1.45,1.1,2,0.852,17
2022-08-14T00:00:00.000Z,0.8,3.9,2.37,1.88,2.95,0.706,110
2022-08-15T00:00:00.000Z,0.3,14.45,0.7,0.6,1,1.02,223
2022-08-16T00:00:00.000Z,0.3,3.53,1.2,0.7,1.79,0.593,277
2022-08-17T00:00:00.000Z,1.1,5.7,2.27,1.92,2.7,0.735,214
2022-08-18T00:00:00.000Z,0.5,12.27,2.42,1.49,3.45,2.142,205
2022-08-19T00:00:00.000Z,3.05,33.29,12.05,7.45,25.75,9.411,271
2022-08-20T00:00:00.000Z,7.95,31.67,16.6,11.99,18.7,4.289,261
2022-08-21T00:00:00.000Z,0.6,17.73,5.2,3.33,8.09,3.279,245
2022-08-22T00:00:00.000Z,1.6,24,9.19,5.53,12.73,4.735,168
2022-08-23T00:00:00.000Z,0.7,17.3,4.4,2.2,9.14,4.495,253
2022-08-24T00:00:00.000Z,1.58,10.6,4.34,2.58,7.85,2.767,231
2022-08-25T00:00:00.000Z,1.4,17.87,5.6,3.6,11.53,4.564,248
2022-08-26T00:00:00.000Z,1.25,24.23,5.92,3.33,9.25,6.207,264
2022-08-27T00:00:00.000Z,0.4,8.5,1.55,0.92,2.42,1.876,269
2022-08-28T00:00:00.000Z,0.4,11.3,6.89,1.02,8.18,3.616,262
2022-08-29T00:00:00.000Z,0.88,20.9,7.35,2.92,9.8,4.861,266
2022-08-30T00:00:00.000Z,0.9,29,8.4,2.69,11.65,7.228,269
2022-08-31T00:00:00.000Z,5.3,27.13,13.71,10.31,21.95,5.95,256
2022-09-01T00:00:00.000Z,1.17,37.38,10.73,8.9,13.21,5.788,245
2022-09-02T00:00:00.000Z,0.75,32.58,3.17,2.1,24.41,11.116,249
2022-09-03T00:00:00.000Z,1.83,18.8,4.32,2.6,7,4.379,192
2022-09-04T00:00:00.000Z,2.72,8.69,4.2,3.7,5.09,1.369,142
2022-09-05T00:00:00.000Z,0.45,4.93,2.33,1.1,2.9,1.075,188
2022-09-06T00:00:00.000Z,3.4,19.75,8.71,6.3,12.83,4.33,260
2022-09-07T00:00:00.000Z,0.45,21.6,6.31,1.64,9.19,4.499,240
2022-09-08T00:00:00.000Z,0.56,3.35,1.6,1.13,2.04,0.605,192
2022-09-09T00:00:00.000Z,1.2,6.68,4,2.5,5.09,1.537,253
2022-09-10T00:00:00.000Z,1.35,34.79,5.26,2.7,10.7,8.141,256
2022-09-11T00:00:00.000Z,1.65,35.95,5.65,2.91,14.66,9.1,256
2022-09-12T00:00:00.000Z,0.3,8.23,1.05,0.73,2.4,1.461,222
2022-09-13T00:00:00.000Z,0.3,23.27,3.3,0.88,9.18,5.805,242
2022-09-14T00:00:00.000Z,0.9,41.03,10.57,4.44,20.21,10.137,253
2022-09-15T00:00:00.000Z,0.77,32.53,11.48,4.82,18.17,8.253,251
2022-09-16T00:00:00.000Z,1.4,66.31,27.92,11.38,39.83,18.22,242
2022-09-17T00:00:00.000Z,2.65,49.33,12.48,7.4,21.25,9.578,235
2022-09-18T00:00:00.000Z,6.3,33.2,17.92,10.8,24.6,7.178,126
2022-09-19T00:00:00.000Z,2.15,10.55,4.43,2.99,6.29,2.036,244
2022-09-20T00:00:00.000Z,0.75,31.42,6.95,1.9,11.7,7.62,219
2022-09-21T00:00:00.000Z,1.5,19.45,4.38,3.13,6.13,2.597,236
2022-09-22T00:00:00.000Z,0.2,23.75,3.13,1.19,5.93,2.8,248
2022-09-23T00:00:00.000Z,0.2,2.58,0.7,0.5,1.1,0.462,248
2022-09-24T00:00:00.000Z,0.5,21.75,2.47,1.57,3.9,3.779,257
2022-09-25T00:00:00.000Z,1.52,16.14,4.34,3.33,5.38,2.848,248
2022-09-26T00:00:00.000Z,0.7,17.88,3.28,1.6,4.65,2.198,238
2022-09-27T00:00:00.000Z,0.85,7.18,2.1,1.5,2.9,1.153,247
2022-09-28T00:00:00.000Z,1.3,13.52,3.8,3,5.28,2.568,237
2022-09-29T00:00:00.000Z,1.14,6.15,2.4,1.8,3.22,0.999,242
2022-09-30T00:00:00.000Z,2.25,43.47,8.26,5.9,10.7,6.171,244
2022-10-01T00:00:00.000Z,0.5,17.07,4.43,2.44,6.92,3.425,221
2022-10-02T00:00:00.000Z,1.02,29.95,5.44,3.03,12.31,7.065,152
2022-10-03T00:00:00.000Z,3.3,55.6,17.55,11.98,30.4,11.706,135
2022-10-04T00:00:00.000Z,3.17,39.13,7.96,5.15,10.47,4.769,156
2022-10-05T00:00:00.000Z,1.23,11.82,4.44,2.29,6.68,2.599,162
2022-10-06T00:00:00.000Z,0.65,29.73,7.6,2.9,13.68,7.609,258
2022-10-07T00:00:00.000Z,1.37,24.83,7.72,5.4,8.73,2.909,261
2022-10-08T00:00:00.000Z,3.9,20,5.97,4.95,7.55,2.288,262
2022-10-09T00:00:00.000Z,2.02,16.88,4.8,3.91,5.86,2.783,273
2022-10-10T00:00:00.000Z,0.7,13.15,3.4,2,5.77,2.597,263
2022-10-11T00:00:00.000Z,2.2,21.17,8.07,3.83,12.3,4.663,257
2022-10-12T00:00:00.000Z,0.7,26.88,3.03,1.65,5.8,3.605,259
2022-10-13T00:00:00.000Z,0.3,23.95,2.85,1.67,4.4,2.539,262
2022-10-14T00:00:00.000Z,0.5,19.45,2.9,1.85,3.9,4.026,250
2022-10-15T00:00:00.000Z,2.52,22.58,4.63,3.78,5.87,3.354,263
2022-10-16T00:00:00.000Z,7.03,79.56,15.55,10.07,21.3,10.673,222
2022-10-17T00:00:00.000Z,2.9,77.03,14.23,8.13,18.14,8.672,247
2022-10-18T00:00:00.000Z,2.5,14.8,5.62,4,7.25,1.961,170
2022-10-21T00:00:00.000Z,1.92,22.02,6.4,4.4,10.07,5.016,251
2022-10-22T00:00:00.000Z,2.83,13.4,5.18,3.72,9.94,3.114,267
2022-10-23T00:00:00.000Z,0.3,9.52,1.9,1.4,2.47,1.806,263
2022-10-24T00:00:00.000Z,1.35,5.95,3.05,2.6,3.78,0.882,251
2022-10-25T00:00:00.000Z,2.45,9.77,6.03,3.88,6.88,1.665,249
2022-10-26T00:00:00.000Z,2.7,17.05,8.07,5.27,13.93,4.465,256
2022-10-27T00:00:00.000Z,2.58,24.5,9.48,4.2,12.62,4.456,253
2022-10-28T00:00:00.000Z,0.6,10.3,1.97,1.43,2.95,1.537,254
2022-10-29T00:00:00.000Z,4.59,12.05,7.78,6.68,9.07,1.61,253
2022-10-30T00:00:00.000Z,1.98,28.67,7.09,5.4,9.44,3.707,242
2022-10-31T00:00:00.000Z,1.85,36.28,7.7,6.53,9.19,6.146,247
2022-11-01T00:00:00.000Z,6.55,28.08,13.93,11.59,15.48,4.461,249
2022-11-02T00:00:00.000Z,11.52,43.45,25.05,16.92,32.47,8.628,250
2022-11-03T00:00:00.000Z,3.15,27.85,13.08,8,17.88,6.299,270
2022-11-04T00:00:00.000Z,7.7,36.88,11.44,10.13,17.86,6.235,252
2022-11-05T00:00:00.000Z,2,11.02,6.13,4.42,7.82,2.252,244
2022-11-06T00:00:00.000Z,2.29,12.07,5.07,4.19,6.4,1.979,248
2022-11-07T00:00:00.000Z,1.67,11.45,4.38,3.3,5.4,2.033,262
2022-11-08T00:00:00.000Z,1.92,19.7,11.7,9.84,12.45,1.924,257
2022-11-09T00:00:00.000Z,1,13.85,5.7,2.62,6.94,2.454,249
2022-11-10T00:00:00.000Z,7.1,16.88,11.1,9.93,12.18,1.945,245
2022-11-11T00:00:00.000Z,4.22,15.88,8.16,6.8,9.07,1.657,238
2022-11-12T00:00:00.000Z,3.78,13.4,5.82,5.03,7.19,1.952,253
2022-11-13T00:00:00.000Z,1.14,9.98,3.45,2.17,5.7,2.187,247
2022-11-14T00:00:00.000Z,4.47,18.55,12.85,9.76,14.72,3.201,244
2022-11-15T00:00:00.000Z,1.7,19.2,8.3,4.59,10.68,3.851,259
2022-11-16T00:00:00.000Z,1,6.03,2.44,1.95,3.4,1.042,258
2022-11-17T00:00:00.000Z,0.6,8.75,2.63,1.94,3.87,1.612,256
2022-11-18T00:00:00.000Z,3.57,24.13,7.52,5.72,9.96,4.217,228
2022-11-19T00:00:00.000Z,1.83,14.9,8.57,6.69,10.58,2.706,237
2022-11-20T00:00:00.000Z,0.3,6.9,2.9,1.97,4.01,1.417,249
2022-11-21T00:00:00.000Z,0.45,12.35,4.57,2.6,7.93,2.92,259
2022-11-22T00:00:00.000Z,0.5,19.17,9.1,6.88,11.25,3.41,258
2022-11-23T00:00:00.000Z,0.23,6.35,1.98,1.33,2.67,1.041,254
2022-11-24T00:00:00.000Z,1.12,8.9,4.88,3.33,6.03,1.681,241
2022-11-25T00:00:00.000Z,0.2,14.3,2.45,1.25,4.65,2.202,246
2022-11-26T00:00:00.000Z,0.4,10.15,1.48,1.08,2.66,1.516,256
2022-11-27T00:00:00.000Z,0.7,11.97,5.05,2.85,7.35,2.528,263
2022-11-28T00:00:00.000Z,0.95,14.05,6.82,4.97,9.19,2.846,251
2022-11-29T00:00:00.000Z,1.8,14.05,9,7.1,10.48,2.348,214
2022-11-30T00:00:00.000Z,1.38,18.8,8.13,6.32,10.55,3.263,243
2022-12-01T00:00:00.000Z,0.6,7.82,3.13,2,4.32,1.485,224
2022-12-02T00:00:00.000Z,0.38,50.65,4.82,3.3,6.12,5.401,257
2022-12-03T00:00:00.000Z,1.3,8.94,4.84,3.83,5.93,1.396,263
2022-12-04T00:00:00.000Z,2.78,58.7,14.33,10.73,28.27,12.858,222
2022-12-05T00:00:00.000Z,5.2,102.97,26.25,19.7,39.15,15.473,252
2022-12-06T00:00:00.000Z,5.28,35.03,17.14,12.27,22.63,6.54,246
2022-12-07T00:00:00.000Z,2.58,24.38,10.33,7.45,16.2,5.074,231
2022-12-08T00:00:00.000Z,6.15,25.08,15.81,13.05,19.17,4.131,250
2022-12-09T00:00:00.000Z,4.87,39.47,15.13,11.87,18.98,5.782,239
2022-12-10T00:00:00.000Z,3.58,19,9.57,7.47,11.6,2.91,247
2022-12-11T00:00:00.000Z,0.75,55.75,5.22,4.07,7.93,10.095,248
2022-12-12T00:00:00.000Z,1.73,25.38,10.27,7.3,14.07,4.956,247
2022-12-13T00:00:00.000Z,0.28,12.68,3.45,1.57,5.2,2.434,244
2022-12-14T00:00:00.000Z,0.28,39.5,5.7,2,9.69,5.392,251
2022-12-15T00:00:00.000Z,3.05,25.52,13.6,10.06,17.19,4.271,253
2022-12-16T00:00:00.000Z,9.3,55.33,25.17,18.64,30.85,8.771,246
2022-12-17T00:00:00.000Z,5.82,86.2,37.2,30.57,47.05,12.439,242
2022-12-18T00:00:00.000Z,3.57,89.7,10.83,8.26,22.92,15.066,236
2022-12-19T00:00:00.000Z,4.97,27.9,11.8,9.84,13.92,3.155,245
2022-12-20T00:00:00.000Z,3.85,18.75,12.1,7.25,14.95,4.3,250
2022-12-21T00:00:00.000Z,5.03,19.42,10.45,8.85,11.9,2.358,246
2022-12-22T00:00:00.000Z,1.3,15.4,4.09,3.14,5.32,2.599,244
2022-12-23T00:00:00.000Z,1.38,12.1,5.35,4.23,6.8,2.158,197
2022-12-24T00:00:00.000Z,1.23,12.33,4.75,3.53,5.95,1.872,237
2022-12-25T00:00:00.000Z,4.8,11.8,7.49,6.3,8.73,1.586,248
2022-12-26T00:00:00.000Z,4.82,15.05,9.69,7.38,11.25,2.396,203
2022-12-27T00:00:00.000Z,3.95,14.63,7.54,6.65,8.34,1.571,220
2022-12-28T00:00:00.000Z,3.3,23.38,9.44,6.78,11.75,3.479,239
2022-12-29T00:00:00.000Z,3.6,16.89,6.09,5.28,7.35,1.977,242
2022-12-30T00:00:00.000Z,5.09,39.67,12.3,9.85,17.42,6.59,211
2022-12-31T00:00:00.000Z,20.67,71.47,36.1,29.19,41.91,8.225,221
2023-01-01T00:00:00.000Z,7.53,68.9,26.24,12.05,33.5,14.292,248
2023-01-02T00:00:00.000Z,4.09,17.02,9.89,8.66,11.23,1.98,252
2023-01-03T00:00:00.000Z,3.5,28.23,7.85,5.97,14.07,5.692,211
2023-01-04T00:00:00.000Z,3.28,16.92,10.38,5.93,11.9,3.434,115
2023-01-05T00:00:00.000Z,2.33,10.43,4.45,3.7,6.5,1.629,82
2023-01-06T00:00:00.000Z,2.58,16.07,6.92,5.6,8.4,2.087,230
2023-01-07T00:00:00.000Z,4.28,18.05,9,7.22,11.13,2.779,235
2023-01-08T00:00:00.000Z,2.9,19.48,7.35,5.88,12.17,3.936,264
2023-01-09T00:00:00.000Z,0.68,8.27,4.09,3,5.37,1.588,254
2023-01-10T00:00:00.000Z,0.3,12.3,3.33,2.58,4.13,1.448,262
2023-01-11T00:00:00.000Z,1.2,16.39,6.18,4.13,9.27,3.378,233
2023-01-12T00:00:00.000Z,1.52,18.32,9.03,5.05,11.52,3.899,254
2023-01-13T00:00:00.000Z,1.53,8.85,4.32,3.55,5.17,1.193,231
2023-01-14T00:00:00.000Z,1.14,20.67,2.65,2.1,3.2,1.456,257
2023-01-15T00:00:00.000Z,0.83,6.32,2.76,2.19,3.39,0.891,232
2023-01-16T00:00:00.000Z,1.05,6.7,2.8,2.15,4.19,1.283,241
2023-01-17T00:00:00.000Z,1.12,8.8,2.6,2.21,3.37,1.109,256
2023-01-18T00:00:00.000Z,1.95,15.75,6.25,4.18,8.09,2.769,209
2023-01-19T00:00:00.000Z,0.85,7.75,3.2,2.42,4.4,1.428,266
2023-01-20T00:00:00.000Z,0.4,10.82,1.75,1.1,2.47,1.297,251
2023-01-21T00:00:00.000Z,0.2,11.05,2.97,1.77,4,1.726,235
2023-01-22T00:00:00.000Z,1.17,40.58,10.91,5.93,18.77,8.908,258
2023-01-23T00:00:00.000Z,1.05,8.32,5.07,3.99,5.99,1.383,229
2023-01-24T00:00:00.000Z,0.22,33.38,2.31,1.6,4.43,2.561,258
2023-01-25T00:00:00.000Z,0.77,13.63,6.25,4.05,8.69,3.008,243
2023-01-26T00:00:00.000Z,2.29,16.1,6.83,5.77,8.57,2.962,256
2023-01-27T00:00:00.000Z,7.2,42.9,20.87,17.45,25.27,5.908,210
2023-01-28T00:00:00.000Z,7.53,29.6,17.25,12.7,20.56,4.812,260
2023-01-29T00:00:00.000Z,3.1,18.48,11.63,9.32,13.65,3.1,241
2023-01-30T00:00:00.000Z,1.98,16.39,7.85,4.42,10.13,3.332,249
2023-01-31T00:00:00.000Z,6.43,20,11.7,10.23,13.38,2.391,243
2023-02-01T00:00:00.000Z,8.43,61.83,18.47,12.77,29.75,11.446,238
2023-02-02T00:00:00.000Z,17.82,188.2,45,33.75,104.01,40.887,233
2023-02-03T00:00:00.000Z,10.18,86.77,22.99,17.98,33.96,16.715,200
2023-02-04T00:00:00.000Z,5.28,71.95,16.36,10.68,29.38,15.089,270
2023-02-05T00:00:00.000Z,11,206.38,29.65,20.39,43.25,38.289,231
2023-02-06T00:00:00.000Z,3.63,58.13,11.68,9.55,24.67,10.936,214
2023-02-07T00:00:00.000Z,8.43,63.72,29,18.59,42.88,14.19,236
2023-02-08T00:00:00.000Z,5.5,19.89,10.19,8.19,12.2,2.766,204
2023-02-09T00:00:00.000Z,4.65,28.2,11.13,8.44,14.48,4.767,226
2023-02-10T00:00:00.000Z,6.63,109.3,32.29,21.35,55,23.275,219
2023-02-11T00:00:00.000Z,3.58,46.63,23.02,17.64,31.63,8.382,215
2023-02-12T00:00:00.000Z,8.19,129.25,32.72,21.02,47.55,24.852,246
2023-02-13T00:00:00.000Z,6.03,61.5,18.47,10.07,29.7,13.262,210
2023-02-14T00:00:00.000Z,6.55,25.95,14.51,12.23,19,4.455,226
2023-02-15T00:00:00.000Z,7.75,115.25,32.15,22.83,48.2,21.168,199
2023-02-16T00:00:00.000Z,6.05,55.88,14.15,11.25,19.8,8.482,209
2023-02-17T00:00:00.000Z,3.05,15.3,6.46,5.6,8.25,2.424,206
2023-02-18T00:00:00.000Z,4.9,68.7,12.4,8.25,23.85,11.531,251
2023-02-19T00:00:00.000Z,6.2,26.23,11.04,9.68,13.1,3.765,234
2023-02-20T00:00:00.000Z,9.63,27.1,15.77,14.15,19.38,3.605,247
2023-02-21T00:00:00.000Z,15.4,45.7,22.87,20.3,28.24,6.794,256
2023-02-22T00:00:00.000Z,12.65,35.79,20.8,18.1,24.3,4.366,211
2023-02-23T00:00:00.000Z,8.27,38.53,14.07,11.26,17.55,7.238,205
2023-02-24T00:00:00.000Z,2,21.52,10.41,4.55,13.1,5.336,256
2023-02-25T00:00:00.000Z,3.15,18.03,11.49,9.56,13.45,2.988,208
2023-02-26T00:00:00.000Z,5.03,16.75,9.24,8.09,10.94,2.003,236
2023-02-27T00:00:00.000Z,2,15.63,7.05,5.45,9.52,3.042,251
2023-02-28T00:00:00.000Z,1.35,11.27,2.63,2.17,5.97,2.301,222
2023-03-01T00:00:00.000Z,4.43,31.15,7.45,6.05,12.06,6.223,256
2023-03-02T00:00:00.000Z,0.73,17.63,6.18,2.6,10.48,4.233,266
2023-03-03T00:00:00.000Z,0.43,4.97,2.1,1.73,2.64,0.707,200
2023-03-04T00:00:00.000Z,2,10.18,5.13,3.75,6.93,1.815,263
2023-03-05T00:00:00.000Z,2.45,12.02,4.43,3.4,6.28,1.846,268
2023-03-06T00:00:00.000Z,1.45,23.92,8,4.82,14.38,5.449,267
2023-03-07T00:00:00.000Z,1.42,17.57,5,3,6.4,3.365,250
2023-03-08T00:00:00.000Z,0.85,13.73,5.5,3.4,6.93,2.783,270
2023-03-09T00:00:00.000Z,0.63,58.42,4.93,3.67,8.75,11.853,219
2023-03-10T00:00:00.000Z,4.28,17.67,9.68,8.18,12.55,3.074,259
2023-03-11T00:00:00.000Z,3,9.5,5.95,4.23,7.24,1.712,265
2023-03-12T00:00:00.000Z,0.5,12.13,1.84,1.17,4.45,3.092,258
2023-03-13T00:00:00.000Z,0.3,3.5,1.13,0.73,1.54,0.551,260
2023-03-14T00:00:00.000Z,0.5,9.38,2.97,1.73,4.34,2.234,199
2023-03-15T00:00:00.000Z,2,11.7,5.72,4.65,6.7,1.753,202
2023-03-16T00:00:00.000Z,3.22,36.78,7.53,5.31,9.89,3.666,261
2023-03-17T00:00:00.000Z,1.2,17.75,3.42,2.8,5.53,2.779,261
2023-03-18T00:00:00.000Z,0.82,7.3,3.04,2.02,3.87,1.121,226
2023-03-19T00:00:00.000Z,0.4,8.25,1.45,1.08,2.33,1.712,250
2023-03-20T00:00:00.000Z,0.5,6.95,2.69,1.53,3.36,1.15,244
2023-03-21T00:00:00.000Z,1.88,12.73,3.7,2.75,4.43,1.384,259
2023-03-22T00:00:00.000Z,1.9,10.02,4.5,2.9,7.22,2.284,263
2023-03-23T00:00:00.000Z,2.25,9.15,4.9,4.25,5.85,1.315,258
2023-03-24T00:00:00.000Z,0.38,9.82,1.9,1.1,2.27,1.889,251
2023-03-25T00:00:00.000Z,2.38,17.92,7.21,5.8,10.57,3.778,250
2023-03-26T00:00:00.000Z,2.2,16.92,6.55,4,7.53,3.387,203
2023-03-27T00:00:00.000Z,3.25,16.48,7.53,6.21,12.55,3.55,229
2023-03-28T00:00:00.000Z,7.38,38.42,12.75,10.88,15.73,6.498,244
2023-03-29T00:00:00.000Z,0.3,49,2.72,1.25,13.6,12.335,214
2023-03-30T00:00:00.000Z,0.2,5.68,1.1,0.65,1.77,0.801,250
2023-03-31T00:00:00.000Z,0.2,7.05,1.02,0.64,1.88,1.317,248
2023-04-01T00:00:00.000Z,0.77,24.27,4.28,2.96,7.34,5.063,157
2023-04-02T00:00:00.000Z,1.98,9.6,3.35,2.9,3.8,0.867,223
2023-04-03T00:00:00.000Z,1.6,12.57,2.67,2.4,3,0.908,259
2023-04-04T00:00:00.000Z,0.63,16.82,2.9,2.29,3.72,1.835,275
2023-04-05T00:00:00.000Z,0.73,13.73,2.78,1.6,4.04,2.594,273
2023-04-06T00:00:00.000Z,2.6,17.57,4.15,3.72,4.63,1.134,265
2023-04-07T00:00:00.000Z,0.45,5.85,1.63,1.12,2.31,0.907,268
2023-04-08T00:00:00.000Z,0.43,5.6,1.75,1.3,2.78,0.956,275
2023-04-09T00:00:00.000Z,0.38,9.13,1.38,0.93,2.2,1.216,279
2023-04-10T00:00:00.000Z,1.5,6.45,2.83,2.33,3.7,0.915,254
2023-04-11T00:00:00.000Z,0.03,3.3,0.9,0.56,1.3,0.577,280
2023-04-12T00:00:00.000Z,0.82,3.7,2,1.52,2.4,0.571,276
2023-04-13T00:00:00.000Z,0.77,14.8,2.67,2.2,3.15,1.098,275
2023-04-14T00:00:00.000Z,0.32,8.38,1.3,0.98,1.75,0.893,274
2023-04-15T00:00:00.000Z,0.5,12.9,2.87,1.98,4.43,1.941,270
2023-04-16T00:00:00.000Z,0.55,6.6,2.2,1.45,2.63,0.913,282
2023-04-17T00:00:00.000Z,0.73,4.7,2.5,1.92,3.33,0.877,278
2023-04-18T00:00:00.000Z,1,6.82,3.13,2.6,3.85,1.065,277
2023-04-19T00:00:00.000Z,1.02,7.5,2.4,1.9,3.2,1.031,239
2023-04-20T00:00:00.000Z,0.7,5.35,1.9,1.5,2.38,0.838,283
2023-04-21T00:00:00.000Z,2.29,10.75,5.97,3.8,7.45,2.099,255
2023-04-22T00:00:00.000Z,2.65,14.38,6.12,4.78,9.43,2.972,254
2023-04-23T00:00:00.000Z,3.53,10.02,5.95,4.97,6.93,1.221,190
2023-04-24T00:00:00.000Z,0.1,8.8,3.3,0.8,4.21,1.971,277
2023-04-25T00:00:00.000Z,0.28,6.13,1.2,0.73,2.13,0.975,278
2023-04-26T00:00:00.000Z,0.3,24.15,2.94,1.1,6.93,6.551,280
2023-04-27T00:00:00.000Z,4.22,19.14,7.68,5.82,8.73,2.246,275
2023-04-28T00:00:00.000Z,0.4,13.82,8.61,4.05,10.27,4.003,196
2023-04-29T00:00:00.000Z,0.5,15.55,1.79,1.25,2.71,1.747,276
2023-04-30T00:00:00.000Z,1.55,7.82,5.09,3.75,6.1,1.454,214
2023-05-01T00:00:00.000Z,1.83,13.93,6.97,5.6,8.78,2.268,276
2023-05-02T00:00:00.000Z,1.27,15.32,4.03,3.22,6.7,2.767,274
2023-05-03T00:00:00.000Z,1.4,17.14,4.03,2.02,6.55,3.359,207
2023-05-04T00:00:00.000Z,2.42,20.92,6.2,4.03,11.09,4.622,276
2023-05-05T00:00:00.000Z,13.55,38.58,27.52,23.39,31.16,5.341,209
2023-05-06T00:00:00.000Z,10.5,33.47,18.92,16.17,26.05,6.417,276
2023-05-07T00:00:00.000Z,12,38.47,20.69,17.62,27.91,6.686,224
2023-05-08T00:00:00.000Z,12.7,37.1,27.4,20.14,31.13,6.123,274
2023-05-09T00:00:00.000Z,1.12,31.5,4.07,2.97,7.3,5.693,275
2023-05-10T00:00:00.000Z,0.52,14,2.65,1.9,5.7,3.3,277
2023-05-11T00:00:00.000Z,4,54.5,18.27,12.73,33.03,13.279,274
2023-05-12T00:00:00.000Z,0.4,18.75,2.61,1.23,4.3,2.388,280
2023-05-13T00:00:00.000Z,0.93,10.7,2.88,2,3.9,1.786,276
2023-05-14T00:00:00.000Z,1,18.38,3.13,1.6,5.05,2.86,282
2023-05-15T00:00:00.000Z,0.93,18,5.55,3.59,7.45,2.71,277
2023-05-16T00:00:00.000Z,0.55,9.07,1.99,1.23,4.55,2.198,224
2023-05-17T00:00:00.000Z,0.2,3.4,0.9,0.6,1.3,0.504,271
2023-05-18T00:00:00.000Z,0.4,18.45,2.09,1.48,4.88,3.611,274
2023-05-19T00:00:00.000Z,1.2,28.8,8.48,2.85,17.98,8.129,279
2023-05-20T00:00:00.000Z,1.1,22.65,4.74,1.9,13.18,6.981,278
2023-05-21T00:00:00.000Z,1.4,16.6,4.2,2.6,5.24,2.392,276
2023-05-22T00:00:00.000Z,1.65,12.55,4.09,2.78,6.68,2.561,260
2023-05-23T00:00:00.000Z,0.5,8.32,2.24,1.1,4.03,1.777,278
2023-05-24T00:00:00.000Z,0.3,14.23,1.17,0.77,3.28,2.629,279
2023-05-25T00:00:00.000Z,0.6,12.7,3.65,1.47,6.38,2.736,258
2023-05-26T00:00:00.000Z,1.02,21.58,2.1,1.55,3.5,3.42,219
2023-05-27T00:00:00.000Z,1.42,7.68,2.57,2.13,4.29,1.628,228
2023-05-28T00:00:00.000Z,1.48,11.75,4.07,2.67,5.64,1.888,236
2023-05-29T00:00:00.000Z,1.7,14.2,4.09,2.66,8.61,3.324,245
2023-05-30T00:00:00.000Z,2.1,14.8,5.55,3.2,7.43,3.039,268
2023-05-31T00:00:00.000Z,3,20.48,9.1,4.55,12.79,4.332,180
2023-06-01T00:00:00.000Z,3,11.95,6.65,3.95,7.4,1.911,271
2023-06-02T00:00:00.000Z,5.3,13.35,9.35,6.75,11.07,2.213,275
2023-06-03T00:00:00.000Z,7.2,40.28,11.27,9.4,17.42,7.82,230
2023-06-04T00:00:00.000Z,7.55,17.23,11.98,8.65,13.87,2.648,277
2023-06-05T00:00:00.000Z,5.28,24.3,15.5,8.72,18.55,5.537,272
2023-06-06T00:00:00.000Z,6.88,31.83,14.23,10.93,21.63,6.339,191
2023-06-07T00:00:00.000Z,6.9,22.2,10.43,9,15.47,3.966,273
2023-06-08T00:00:00.000Z,4.5,51.22,8.4,7.38,9.8,7.925,223
2023-06-09T00:00:00.000Z,1.2,28.17,4.71,2,17.35,7.825,276
2023-06-10T00:00:00.000Z,1.6,25.25,11.57,5,19.77,7.405,279
2023-06-11T00:00:00.000Z,0.98,7.7,2.72,1.5,3.97,1.6,279
2023-06-12T00:00:00.000Z,1.8,21.38,4.47,2.75,7.5,4.267,279
2023-06-13T00:00:00.000Z,0.7,17.55,3.54,2.54,5.78,3.004,276
2023-06-14T00:00:00.000Z,0.77,7.95,2.75,1.6,3.51,1.121,273
2023-06-15T00:00:00.000Z,2.2,31.8,4.46,3.8,9.76,8.285,276
2023-06-16T00:00:00.000Z,0.9,43.13,2.45,1.55,10.9,5.653,274
2023-06-17T00:00:00.000Z,2.8,19.42,6.72,4.72,10.5,4.08,279
2023-06-18T00:00:00.000Z,2.6,22.65,7.25,4.09,11.13,4.126,219
2023-06-19T00:00:00.000Z,1.38,17.38,3.5,2.29,5.21,3.239,188
2023-06-20T00:00:00.000Z,0.65,73.56,5.2,1.82,8.49,7.954,272
2023-06-21T00:00:00.000Z,2.1,12.38,5.23,4.3,6.03,1.9,276
2023-06-22T00:00:00.000Z,1.25,13.38,3.1,2.15,4.5,2.397,277
2023-06-23T00:00:00.000Z,0.2,175.15,2.85,1.4,9.69,25.204,275
2023-06-24T00:00:00.000Z,0.5,19.3,2.2,1.48,5.86,3.531,281
2023-06-25T00:00:00.000Z,0.8,12.55,2.7,1.74,7.29,3.127,281
2023-06-26T00:00:00.000Z,1.38,11.98,3.45,2.37,6.1,2.263,245
2023-06-27T00:00:00.000Z,1.67,9.43,3.41,2.54,4.88,1.445,276
2023-06-28T00:00:00.000Z,1.63,9.9,3.63,2.67,4.8,1.64,281
2023-06-29T00:00:00.000Z,1.4,5.25,3.2,2.29,3.72,0.899,281
2023-06-30T00:00:00.000Z,2.54,15.3,5.34,4.5,7,2.354,274
2023-07-01T00:00:00.000Z,2.29,27.4,5.81,3.7,14.38,6.508,186
2023-07-02T00:00:00.000Z,1.25,58.2,6.22,2.38,8.63,7.082,282
2023-07-03T00:00:00.000Z,1.9,10.45,4.97,2.87,7.31,2.409,264
2023-07-04T00:00:00.000Z,3.38,30.1,5.88,4.8,9.56,5.266,216
2023-07-05T00:00:00.000Z,3.67,18.3,7.84,5.14,11.23,3.466,260
2023-07-06T00:00:00.000Z,5.53,21.92,8.13,6.63,15.88,5.236,139
2023-07-07T00:00:00.000Z,8.23,38.08,13.59,9.78,30.16,9.967,256
2023-07-08T00:00:00.000Z,6.22,43.92,10.85,9.32,14.64,8.304,177
2023-07-09T00:00:00.000Z,3.25,15.2,7.35,5.47,11.15,3.259,191
2023-07-10T00:00:00.000Z,2.27,7.5,4.4,3.37,5.85,1.403,185
2023-07-11T00:00:00.000Z,1.8,14.55,7.15,6.1,8.3,2.572,270
2023-07-12T00:00:00.000Z,1.1,8.65,2.2,1.6,2.92,1.595,267
2023-07-13T00:00:00.000Z,2.02,14.8,7.52,5.88,9.3,2.686,266
2023-07-14T00:00:00.000Z,8.35,46.17,13.37,11.64,15.28,3.501,264
2023-07-15T00:00:00.000Z,2.6,24.85,9.63,5.93,18.64,6.813,281
2023-07-16T00:00:00.000Z,1.7,8.65,3.15,2.4,3.6,0.877,277
2023-07-17T00:00:00.000Z,1.2,10.38,3.6,2.7,4.53,1.917,191
2023-07-18T00:00:00.000Z,1.88,23.85,5.9,3.3,10.95,4.196,282
2023-07-19T00:00:00.000Z,2.52,12.75,3.7,3.2,4.43,1.514,231
2023-07-20T00:00:00.000Z,3.3,22.8,6.33,4.3,15.8,5.975,278
2023-07-21T00:00:00.000Z,1.98,8.38,4.79,3.28,5.88,1.576,278
2023-07-22T00:00:00.000Z,1.48,7.53,4.8,2.94,5.54,1.577,272
2023-07-23T00:00:00.000Z,1.95,45.3,4.59,3.3,6.81,3.677,276
2023-07-24T00:00:00.000Z,3.17,22.17,8.68,5.82,11.77,4.759,275
2023-07-25T00:00:00.000Z,2.7,10.32,5.85,5,6.78,1.337,278
2023-07-26T00:00:00.000Z,1.3,8.19,3.5,1.74,5.23,2.041,281
2023-07-27T00:00:00.000Z,2.4,15.75,5.35,3.85,7.1,3.057,275
2023-07-28T00:00:00.000Z,1.73,22.2,8.72,3.2,12.7,4.969,278
2023-07-29T00:00:00.000Z,2.2,20.1,9.32,5.25,12.35,4.338,278
2023-07-30T00:00:00.000Z,4.78,39.54,10.18,7.05,14.77,8.46,283
2023-07-31T00:00:00.000Z,5.75,28.1,10.48,8.18,14.65,4.437,283
2023-08-01T00:00:00.000Z,2.85,14.88,8.75,7.4,10.3,2.347,283
2023-08-02T00:00:00.000Z,4.18,18.48,8.98,6.65,10.43,2.513,281
2023-08-03T00:00:00.000Z,7.32,25.73,12.59,9.6,13.8,3.617,274
2023-08-04T00:00:00.000Z,3.5,33.1,9.6,7.43,16.57,6.238,278
2023-08-05T00:00:00.000Z,0.8,9.1,3.17,1.6,5.25,2.505,280
2023-08-06T00:00:00.000Z,1.52,14.15,6.32,3.71,8.73,2.867,280
2023-08-07T00:00:00.000Z,2,8.35,3.83,3.17,4.59,1.204,281
2023-08-08T00:00:00.000Z,2.17,12.18,4.95,3.9,6.75,2.255,283
2023-08-09T00:00:00.000Z,1.63,10.95,3.29,2.43,4.9,2.051,278
2023-08-10T00:00:00.000Z,2.45,18.89,4.25,3.25,7.35,4.367,282
2023-08-11T00:00:00.000Z,0.7,11.73,2.94,1.8,4.78,1.979,280
2023-08-12T00:00:00.000Z,0.2,56.17,3,0.6,7.44,9.092,280
2023-08-13T00:00:00.000Z,0.1,11.02,1.14,0.5,2.87,2.326,281
2023-08-14T00:00:00.000Z,1.35,18.88,4.72,2.29,8.75,3.507,281
2023-08-15T00:00:00.000Z,1.4,9,3.2,2.42,6.13,2.129,279
2023-08-16T00:00:00.000Z,0.4,11.55,1.6,0.95,5.28,2.645,279
2023-08-17T00:00:00.000Z,0.2,16.52,2.5,1.2,10.57,5.212,281
2023-08-18T00:00:00.000Z,2.65,15.6,4.09,3.5,6.25,3.115,275
2023-08-19T00:00:00.000Z,2.38,27.38,4.51,3.9,12.84,6.767,280
2023-08-20T00:00:00.000Z,2.27,23.7,7.34,3.22,15.5,6.136,282
2023-08-21T00:00:00.000Z,2.45,33.25,5.95,3.99,14.24,7.283,277
2023-08-22T00:00:00.000Z,1.2,13.5,4.87,3.6,8.9,3.215,278
2023-08-23T00:00:00.000Z,2.7,19.39,6.8,4.2,10.75,4.249,280
2023-08-24T00:00:00.000Z,3.8,17.39,7.15,5.47,8.1,1.852,279
2023-08-25T00:00:00.000Z,0.6,17.8,7.56,2.5,9.22,4.339,276
2023-08-26T00:00:00.000Z,0.8,18.39,2.7,1.8,3.83,3.986,282
2023-08-27T00:00:00.000Z,1.48,20.92,4.59,3.65,9.73,4.293,283
2023-08-28T00:00:00.000Z,4.09,30.17,7.82,5.95,15.45,6.786,282
2023-08-29T00:00:00.000Z,2.6,28.13,8.28,5.72,12.77,5.346,278
2023-08-30T00:00:00.000Z,2.85,13.7,7.34,5.35,11.73,3.289,282
2023-08-31T00:00:00.000Z,6.25,15.82,10.4,9.38,11.36,1.599,273
2023-09-01T00:00:00.000Z,3.4,13.07,7.56,6.05,9.21,2.176,280
2023-09-02T00:00:00.000Z,2,17.23,8.88,3.84,13.47,4.81,277
2023-09-03T00:00:00.000Z,1.3,41.6,5.3,3.13,6.89,3.482,281
2023-09-04T00:00:00.000Z,2.2,15.18,6,4.57,7.05,1.913,275
2023-09-05T00:00:00.000Z,0.63,7.65,2.71,1.25,5.68,2.207,278
2023-09-06T00:00:00.000Z,3.63,13.2,6.32,4.97,7.67,1.811,277
2023-09-07T00:00:00.000Z,1.5,15.3,6.63,2.63,9.4,3.937,283
2023-09-08T00:00:00.000Z,1.9,22.75,5.3,4.07,12.11,5.492,280
2023-09-09T00:00:00.000Z,1.65,36.54,3.17,2.54,4.65,3.597,282
2023-09-10T00:00:00.000Z,1.08,19.55,2.95,2.27,4.03,2.954,278
2023-09-11T00:00:00.000Z,0.63,15.73,4.15,1.3,5.76,3.19,277
2023-09-12T00:00:00.000Z,0.8,15.6,4.3,2.27,5.88,2.45,278
2023-09-13T00:00:00.000Z,3.7,55.88,12.02,6.38,31.05,14.825,274
2023-09-14T00:00:00.000Z,2.67,55.28,16.7,6.1,33.1,15.64,279
2023-09-15T00:00:00.000Z,2.72,35.67,14.43,4,18.64,7.781,275
2023-09-16T00:00:00.000Z,2.35,72.88,21.25,7.7,40.29,20.268,279
2023-09-17T00:00:00.000Z,4.09,53.17,22.83,11,28.13,10.825,278
2023-09-18T00:00:00.000Z,2.95,32.42,12.23,6.4,16.8,7.009,275
2023-09-19T00:00:00.000Z,2.29,26.4,9.66,7.07,14.63,6.099,270
2023-09-20T00:00:00.000Z,3.8,29.13,9.99,7.5,21.3,7.464,266
2023-09-21T00:00:00.000Z,1.6,25.77,6.82,4.13,8.01,5.694,280
2023-09-22T00:00:00.000Z,0.47,8.6,2.02,1.75,2.78,1.703,274
2023-09-23T00:00:00.000Z,0.35,6.63,1.24,1,1.52,0.665,280
2023-09-24T00:00:00.000Z,0.65,6.82,1.67,1.3,2.5,1.138,271
2023-09-25T00:00:00.000Z,1.5,20.23,3,2.33,6.28,4.706,280
2023-09-26T00:00:00.000Z,1.67,21.38,6.55,3.3,8.57,4.102,282
2023-09-27T00:00:00.000Z,1.23,13.27,3.45,2.6,6.03,2.807,278
2023-09-28T00:00:00.000Z,3.5,17.88,8.19,6.78,10.35,2.803,278
2023-09-29T00:00:00.000Z,1.52,30.2,4.34,2.7,20.05,8.978,281
2023-09-30T00:00:00.000Z,0.4,32.88,6.07,5.09,11.95,7.997,275
2023-10-01T00:00:00.000Z,1.95,20.35,7.04,3.72,11.54,4.779,272
2023-10-02T00:00:00.000Z,2.52,10.43,4.63,3.8,5.2,1.624,274
2023-10-03T00:00:00.000Z,2.78,8.73,4.63,4.05,5.3,1.173,279
2023-10-04T00:00:00.000Z,2.29,10.13,4.55,3.83,5.63,1.272,271
2023-10-05T00:00:00.000Z,2.52,6.4,4.2,3.6,4.7,0.783,279
2023-10-06T00:00:00.000Z,4.4,14.37,7.43,5.79,9.72,2.524,272
2023-10-07T00:00:00.000Z,2.9,59.45,12.45,8.36,22.58,7.531,277
2023-10-08T00:00:00.000Z,7.85,39.04,19.64,15.18,26.58,8.007,278
2023-10-09T00:00:00.000Z,2.78,40.78,4.3,3.9,8.43,8.538,270
2023-10-10T00:00:00.000Z,3.6,11.65,6.1,4.82,7.85,1.982,272
2023-10-11T00:00:00.000Z,0.1,50.92,4.28,0.8,5.9,4.091,251
2023-10-12T00:00:00.000Z,1,11.7,3.66,3,4.13,1.601,278
2023-10-13T00:00:00.000Z,0.9,10.43,1.83,1.52,2.2,0.93,272
2023-10-14T00:00:00.000Z,1.52,8.73,3.65,2.34,6.84,2.292,273
2023-10-15T00:00:00.000Z,1.92,13.9,4.09,3,5.46,1.748,277
2023-10-16T00:00:00.000Z,1,12.18,2.41,1.83,4.91,2.979,276
2023-10-17T00:00:00.000Z,6.9,24.52,14.38,11.82,16.77,3.388,276
2023-10-18T00:00:00.000Z,7.4,33.63,11.3,9.25,18.25,7.342,267
2023-10-19T00:00:00.000Z,2.2,48.13,3.75,3,9.73,11.87,278
2023-10-20T00:00:00.000Z,0.55,19.73,4.58,1.9,6.3,4.184,276
2023-10-21T00:00:00.000Z,0.2,9.65,3.38,0.6,6.07,3.002,275
2023-10-22T00:00:00.000Z,1.17,19.8,3.8,2.95,5.77,4.1,277
2023-10-23T00:00:00.000Z,0.1,25.45,1.2,0.77,2.37,5.724,280
2023-10-24T00:00:00.000Z,1.83,4.47,2.5,2.35,2.92,0.53,54
2023-10-29T00:00:00.000Z,2.2,26.1,7.6,6.04,9.46,3.243,193
2023-10-30T00:00:00.000Z,1.02,18.07,3.14,2.65,3.88,3.015,274
2023-10-31T00:00:00.000Z,1.23,12.1,4.15,3.1,6.85,2.336,270
2023-11-01T00:00:00.000Z,2.45,24.67,6.72,5.09,11.99,5.418,269
2023-11-02T00:00:00.000Z,0.68,26.48,4.54,2.62,10.35,6.432,260
2023-11-03T00:00:00.000Z,0.63,8,4.12,3.2,5.38,1.492,274
2023-11-04T00:00:00.000Z,0.3,13.8,4.9,3.8,7.37,2.933,272
2023-11-05T00:00:00.000Z,0.3,5.8,1.4,1,1.85,0.838,277
2023-11-06T00:00:00.000Z,0.45,5.93,1.8,1.3,2.35,1.092,274
2023-11-07T00:00:00.000Z,1.4,23.75,3,2.33,4.9,4.719,264
2023-11-08T00:00:00.000Z,2.29,8.6,5.5,4.84,6.45,1.217,278
2023-11-09T00:00:00.000Z,1.48,6.2,2.97,2.56,3.73,0.884,260
2023-11-10T00:00:00.000Z,2.58,43.5,17.41,7.55,31.77,12.594,274
2023-11-11T00:00:00.000Z,12.18,35.25,18.92,17.32,24.6,4.828,283
2023-11-12T00:00:00.000Z,10.15,28.08,18.14,14.75,20.32,3.438,172
2023-11-13T00:00:00.000Z,0.63,20.95,4.17,1.91,7.88,5.238,276
2023-11-14T00:00:00.000Z,0.5,33.97,2.85,1.95,14,8.474,275
2023-11-15T00:00:00.000Z,2.02,25.48,8.48,4.93,13.83,5.97,274
2023-11-16T00:00:00.000Z,1.5,5.32,2.42,2,3.63,0.935,279
2023-11-17T00:00:00.000Z,2.7,24.7,6.88,4.93,13.27,5.908,274
2023-11-18T00:00:00.000Z,1.92,41.13,14.35,8.38,27.05,10.776,265
2023-11-19T00:00:00.000Z,0.3,4.5,1.12,0.8,1.5,0.546,266
2023-11-20T00:00:00.000Z,0.55,4.63,1.66,1.25,2.33,0.806,264
2023-11-21T00:00:00.000Z,1.45,22.48,5.25,2.94,8.55,4.827,261
2023-11-22T00:00:00.000Z,0.47,20.07,2.8,2.15,3.85,4.521,266
2023-11-23T00:00:00.000Z,1.05,6.53,2,1.75,2.33,0.748,266
2023-11-24T00:00:00.000Z,5.03,23.65,9.75,7.43,17.7,5.49,270
2023-11-25T00:00:00.000Z,2.85,32.2,5.7,4.4,11.65,8.071,279
2023-11-26T00:00:00.000Z,2.47,31.35,9.66,7.07,12.8,4.176,274
2023-11-27T00:00:00.000Z,3.33,19.2,9.13,7.75,10.27,2.313,266
2023-11-28T00:00:00.000Z,3.08,16.13,6.6,5.57,7.65,2.063,266
2023-11-29T00:00:00.000Z,4.03,41.85,7.83,6.7,9.19,5.177,271
2023-11-30T00:00:00.000Z,7.43,67.63,20.92,15.9,28.8,11.217,278
2023-12-01T00:00:00.000Z,2.77,27.85,10.19,5.32,13.29,4.602,276
2023-12-02T00:00:00.000Z,2.83,15.2,10.01,7.15,11.63,2.971,250
2023-12-03T00:00:00.000Z,1.1,17.27,4.03,2.9,6.03,3.783,282
2023-12-04T00:00:00.000Z,0.5,7,2,1.51,2.7,0.933,276
2023-12-05T00:00:00.000Z,0.88,15.45,4.95,2.95,7.69,3.247,257
2023-12-06T00:00:00.000Z,0.17,5.45,1.69,0.9,2.46,1.105,272
2023-12-07T00:00:00.000Z,0.73,9.73,2.7,1.95,3.5,1.399,282
2023-12-08T00:00:00.000Z,0.5,14.52,4.78,3.15,6.78,2.797,282
2023-12-09T00:00:00.000Z,1.6,13.85,7.7,5.82,9.44,2.562,282
2023-12-10T00:00:00.000Z,0.3,25.15,7.88,4.32,13.14,5.526,281
2023-12-11T00:00:00.000Z,0.85,12.57,4.45,2.95,6.28,2.528,282
2023-12-12T00:00:00.000Z,0.3,11.18,2.33,1.6,3.63,1.643,283
2023-12-13T00:00:00.000Z,1.4,17.73,7.26,5.15,9.77,3.412,284
2023-12-14T00:00:00.000Z,0.73,8.75,3.19,2.22,4.13,1.359,276
2023-12-15T00:00:00.000Z,0.88,7.95,3.9,2.8,5.35,1.47,275
2023-12-16T00:00:00.000Z,0.2,9,1.48,0.77,2.83,1.479,271
2023-12-17T00:00:00.000Z,0.2,18.25,5.35,3.55,7,2.911,283
2023-12-18T00:00:00.000Z,1.98,37.54,13.1,8.1,17.6,6.975,283
2023-12-19T00:00:00.000Z,2.35,17.88,6.78,5.4,8.51,2.684,276
2023-12-20T00:00:00.000Z,4.63,23.88,13.05,9.41,17.25,4.648,277
2023-12-21T00:00:00.000Z,3.9,13.95,8.68,7.43,10.13,2.009,279
2023-12-22T00:00:00.000Z,2.58,15.8,7.32,5.72,9.38,2.693,276
2023-12-23T00:00:00.000Z,5.78,8.6,7.43,6.43,8.43,1.008,6
2023-12-24T00:00:00.000Z,4.07,38.45,6.96,5.59,12.24,7.163,216
2023-12-25T00:00:00.000Z,5.43,35.72,21.83,11.55,25.59,7.965,277
2023-12-26T00:00:00.000Z,3.42,29.2,19.92,7.69,24.63,8.413,248
2023-12-27T00:00:00.000Z,5.15,17.97,11.8,8.78,14.03,3.114,273
2023-12-28T00:00:00.000Z,3.6,92.28,6.07,5,8.6,7.372,278
2023-12-29T00:00:00.000Z,0.77,11.43,3.84,2.08,4.95,1.901,276
2023-12-30T00:00:00.000Z,0.5,8.27,3.5,2.8,4.05,1.289,277
2023-12-31T00:00:00.000Z,0.4,11.8,4.03,2.72,5.22,1.763,271
2024-01-01T00:00:00.000Z,3.45,14.07,6.78,5.65,8.35,2.104,271
2024-01-02T00:00:00.000Z,2.25,18.77,11.26,6.4,13.38,4.327,238
2024-01-03T00:00:00.000Z,1.25,14.73,3.7,2.67,4.47,2.349,78
2024-01-04T00:00:00.000Z,1.48,19.89,7.6,3.7,12.19,4.755,241
2024-01-05T00:00:00.000Z,3.08,30.88,11.25,8.48,14.45,5.764,271
2024-01-06T00:00:00.000Z,1.6,17.1,7.18,5.25,10.55,3.538,277
2024-01-07T00:00:00.000Z,1.3,27.8,12.05,5.68,17.27,6.715,270
2024-01-08T00:00:00.000Z,1.33,36.95,9.5,7.18,15.18,7.891,278
2024-01-09T00:00:00.000Z,0.93,12.57,4.42,3.04,6.47,2.151,276
2024-01-10T00:00:00.000Z,1.12,17.7,4.13,2.88,5.47,2.985,253
2024-01-11T00:00:00.000Z,1.1,6.95,4.01,3.25,4.84,1.232,270
2024-01-12T00:00:00.000Z,1.98,11.68,6.37,5.3,7.84,1.741,268
2024-01-13T00:00:00.000Z,2.02,8.8,5.2,4.62,5.89,1.175,268
2024-01-14T00:00:00.000Z,0.8,26.05,4.75,3.51,6.07,2.371,269
2024-01-15T00:00:00.000Z,2.47,13.7,6.65,5.55,7.57,1.492,278
2024-01-16T00:00:00.000Z,2.67,21.63,10.13,8.23,12.38,3.022,281
2024-01-17T00:00:00.000Z,5.78,21.05,12.94,11.07,14.62,2.739,284
2024-01-18T00:00:00.000Z,7.35,40.45,16.41,12.73,21.63,7.075,282
2024-01-19T00:00:00.000Z,2.97,51.5,12.15,8.68,26.83,13.097,263
2024-01-20T00:00:00.000Z,12.07,60.63,33.5,25.02,40.13,10.098,265
2024-01-21T00:00:00.000Z,17.17,60.53,28.5,24.81,33.53,7.357,268
2024-01-22T00:00:00.000Z,14.85,79.05,32.4,25.17,41.65,12.651,278
2024-01-23T00:00:00.000Z,10.05,61.97,25.02,21,30.56,7.319,260
2024-01-24T00:00:00.000Z,8.35,25.02,13.32,11.48,16.23,3.385,267
2024-01-25T00:00:00.000Z,8.25,28.25,17.32,13.02,22.15,5.122,271
2024-01-26T00:00:00.000Z,10.05,86.9,25.38,21.35,29.53,9.254,273
2024-01-27T00:00:00.000Z,7.68,110.05,18.39,12.93,41.79,19.82,273
2024-01-28T00:00:00.000Z,11.88,46,25.44,18.8,31.15,8.063,270
2024-01-29T00:00:00.000Z,8.44,67.38,24.4,14.44,36.14,12.587,265
2024-01-30T00:00:00.000Z,4.78,30.77,13.07,10.45,16.45,4.502,259
2024-01-31T00:00:00.000Z,9.18,65.75,24.67,21.2,27.9,11.145,263
2024-02-01T00:00:00.000Z,15.93,50.85,25.9,22.45,30.3,5.546,260
2024-02-02T00:00:00.000Z,5.35,43.78,17.67,13.32,26.38,9.183,247
2024-02-03T00:00:00.000Z,4.43,12.85,8.86,7.1,10.39,2.02,260
2024-02-04T00:00:00.000Z,5.18,24.52,10.97,8.31,15.25,4.427,276
2024-02-05T00:00:00.000Z,3.33,19.63,6.88,5.4,10.18,4.123,275
2024-02-06T00:00:00.000Z,8.35,22.5,13.52,11.23,15.65,2.801,279
2024-02-07T00:00:00.000Z,7.63,56.55,16.17,11.25,20.17,7.871,270
2024-02-08T00:00:00.000Z,3.35,20.73,8.14,6.18,12.57,3.973,274
2024-02-09T00:00:00.000Z,0.98,9.44,2.91,2.04,5.73,2.206,272
2024-02-10T00:00:00.000Z,0.6,14,2.35,1.73,3.45,2.869,272
2024-02-11T00:00:00.000Z,2.6,11.95,7.03,5.9,8.18,1.801,271
2024-02-12T00:00:00.000Z,1.05,10.73,4.01,3.15,6.22,2.11,274
2024-02-13T00:00:00.000Z,2.38,16.05,6.71,5.07,10.18,2.981,270
2024-02-14T00:00:00.000Z,0.1,6.35,3.2,2.45,3.95,1.158,274
2024-02-15T00:00:00.000Z,0.6,8.18,3.1,2.42,3.88,1.241,279
2024-02-16T00:00:00.000Z,0.43,15.43,3.2,2.41,4.2,1.605,281
2024-02-17T00:00:00.000Z,1.1,11.27,4.73,3.78,5.93,1.576,282
2024-02-18T00:00:00.000Z,1.9,56.9,7.38,4.43,14.57,9.427,282
2024-02-19T00:00:00.000Z,1.73,64.05,20.54,9.05,31.25,14.15,282
2024-02-20T00:00:00.000Z,0.56,63.08,15.82,7.15,30.42,14.652,283
2024-02-21T00:00:00.000Z,1.1,30.15,11.96,8.75,15.13,5.989,270
2024-02-22T00:00:00.000Z,4.03,23.73,11.43,9.25,14.23,3.747,279
2024-02-23T00:00:00.000Z,3.03,54.03,14.2,8.31,24,11.479,280
2024-02-24T00:00:00.000Z,3.38,63.45,13.2,9.98,25.84,11.667,272
2024-02-25T00:00:00.000Z,6.75,26.3,12.53,10.5,16.01,3.727,272
2024-02-26T00:00:00.000Z,7.63,52.67,20.94,11.68,33.54,11.476,270
2024-02-27T00:00:00.000Z,10.9,61.1,25.2,18.84,31.64,8.885,260
2024-02-28T00:00:00.000Z,7.13,57.92,14.7,11.42,21.53,11.78,265
2024-02-29T00:00:00.000Z,3.47,21.77,8.23,6.6,10.05,3.879,279
2024-03-01T00:00:00.000Z,7.38,73.05,12.43,10.6,43.97,20.631,259
2024-03-02T00:00:00.000Z,2.02,38.58,9.55,7.7,12.95,8.055,269
2024-03-03T00:00:00.000Z,5.8,47.65,10.88,8.77,14.4,6.344,270
2024-03-04T00:00:00.000Z,6.8,23.37,11.6,9.75,13.95,2.822,275
2024-03-05T00:00:00.000Z,8.63,22.75,14.27,11.73,16.45,2.985,279
2024-03-06T00:00:00.000Z,7.1,21.08,11.88,10.95,13.27,1.994,275
2024-03-07T00:00:00.000Z,9.3,20,13.05,11.77,14.62,2.033,273
2024-03-08T00:00:00.000Z,1,16.27,4.3,2.82,7.47,3.068,273
2024-03-09T00:00:00.000Z,5.2,37.13,15.8,13.27,21.95,7.105,275
2024-03-10T00:00:00.000Z,3.9,29.8,15.33,10.73,20.42,5.904,278
2024-03-11T00:00:00.000Z,2.15,24.1,8.14,6.32,11.02,3.92,270
2024-03-12T00:00:00.000Z,5.87,46.85,12.76,9.73,23.17,10.847,274
2024-03-13T00:00:00.000Z,3.15,23.77,8.26,6.69,9.93,4.098,272
2024-03-14T00:00:00.000Z,7.83,25.58,13.87,12.1,15.88,3.209,270
2024-03-15T00:00:00.000Z,10.5,27.5,16.02,14.46,18.69,3.338,268
2024-03-16T00:00:00.000Z,4.05,28.63,11.8,7.88,15.3,5.471,279
2024-03-17T00:00:00.000Z,3.67,20.8,10.36,7.48,13.29,3.568,276
2024-03-18T00:00:00.000Z,2.63,12.8,5.97,5.2,7.03,2.136,283
2024-03-19T00:00:00.000Z,1.4,35.97,7.95,6.35,20.2,8.902,285
2024-03-20T00:00:00.000Z,0.3,5.75,1.26,0.8,2.25,1.029,282
2024-03-21T00:00:00.000Z,0.38,10.1,2.15,1.17,3.84,2.091,281
2024-03-22T00:00:00.000Z,0.56,12.98,4.59,2.2,6.1,2.891,243
2024-03-23T00:00:00.000Z,2.1,9.88,3.85,3.26,4.73,1.513,265
2024-03-24T00:00:00.000Z,1.5,5.95,2.85,2.33,3.94,0.978,276
2024-03-25T00:00:00.000Z,0.55,13.3,6.47,4.09,8.98,3.31,283
2024-03-26T00:00:00.000Z,0.45,11.25,2.58,1.27,6.2,3.119,279
2024-03-27T00:00:00.000Z,4.05,19,6.46,5.78,7.55,2.375,282
2024-03-28T00:00:00.000Z,3.92,15.07,8.41,7.2,10.45,2.471,282
2024-03-29T00:00:00.000Z,0.8,32.25,2.92,1.38,11.52,7.574,179
2024-03-30T00:00:00.000Z,0.93,9.43,3.33,2.54,4.22,1.518,281
2024-03-31T00:00:00.000Z,0.9,7.47,2.04,1.59,2.7,1.19,284
2024-04-01T00:00:00.000Z,1.3,28.58,7.49,2.54,17.89,7.318,258
2024-04-02T00:00:00.000Z,5.78,35.6,10.1,9.23,11.15,4.248,282
2024-04-03T00:00:00.000Z,1.25,14.48,3.06,2.29,6.78,3.738,284
2024-04-04T00:00:00.000Z,5.5,16.2,9.27,7.95,11.68,2.67,285
2024-04-05T00:00:00.000Z,2.04,11.93,5.5,4.51,6.1,1.888,276
2024-04-06T00:00:00.000Z,2,15.9,5.15,3.69,6.67,2.104,285
2024-04-07T00:00:00.000Z,0.47,8.38,1.41,1.1,2.13,1.239,282
2024-04-08T00:00:00.000Z,1,16.57,3.14,1.77,6.5,3.597,280
2024-04-09T00:00:00.000Z,1.73,30.88,15.9,9.25,21.13,7.571,283
2024-04-10T00:00:00.000Z,0.52,15.5,2.66,1.9,4.7,2.783,276
2024-04-11T00:00:00.000Z,0.35,13.83,1.55,1.1,2.37,2.902,277
2024-04-12T00:00:00.000Z,0.47,42.1,2.22,1.3,3.33,2.91,275
2024-04-13T00:00:00.000Z,3.58,11.33,6.63,5.2,8.32,1.871,282
2024-04-14T00:00:00.000Z,4.05,22.83,9.68,6.85,16.75,5.637,279
2024-04-15T00:00:00.000Z,0.3,13.77,3.46,1.7,6.07,3.31,278
2024-04-16T00:00:00.000Z,2.02,12.38,4.57,3.28,6.78,2.584,278
2024-04-17T00:00:00.000Z,1.1,11.75,4.65,2.58,7.15,2.644,278
2024-04-18T00:00:00.000Z,0.65,15.38,2.08,1.48,4,3.105,279
2024-04-19T00:00:00.000Z,0.1,8.3,0.96,0.4,3.09,1.944,276
2024-04-20T00:00:00.000Z,0.85,11.2,5.19,2.93,6.44,2.289,276
2024-04-21T00:00:00.000Z,0.5,24.58,3.5,2.67,5.6,3.647,282
2024-04-22T00:00:00.000Z,0.3,11.27,1.6,1.08,3.93,2.698,276
2024-04-23T00:00:00.000Z,0.3,6.37,1.73,1.23,2.39,0.939,273
2024-04-24T00:00:00.000Z,0.6,8.73,3.53,2.29,6,2.103,280
2024-04-25T00:00:00.000Z,2.47,21.33,5.77,4.3,10.13,5.006,282
2024-04-26T00:00:00.000Z,1.5,17.52,5.93,2.82,11.3,4.508,280
2024-04-27T00:00:00.000Z,1.1,16.38,3.35,2.04,4.51,2.961,284
2024-04-28T00:00:00.000Z,1.75,19.1,3.13,2.4,3.97,1.476,283
2024-04-29T00:00:00.000Z,0.2,7.57,2.75,1.4,4,2.011,281
2024-04-30T00:00:00.000Z,1.55,19.98,3.92,3,11.6,5.319,279
2024-05-01T00:00:00.000Z,1.05,14.13,4.79,2.74,7.87,3.219,268
2024-05-02T00:00:00.000Z,0.6,15.68,3.7,2.37,5.18,2.688,283
2024-05-03T00:00:00.000Z,0.47,30.2,1.75,1.1,3.03,7.643,280
2024-05-04T00:00:00.000Z,0.55,4.8,1.3,1,1.9,0.807,176
2024-05-05T00:00:00.000Z,0.9,10.68,2.8,1.6,4.07,1.667,227
2024-05-06T00:00:00.000Z,0.4,4.8,1.33,1,2,0.784,281
2024-05-07T00:00:00.000Z,1.2,9.05,3.05,1.98,4.29,1.632,280
2024-05-08T00:00:00.000Z,1.02,10.9,2.6,2,3.51,1.517,280
2024-05-09T00:00:00.000Z,0.77,6.82,2.29,1.42,3,1.206,280
2024-05-10T00:00:00.000Z,1.05,7.63,3.1,2.6,3.6,0.889,276
2024-05-11T00:00:00.000Z,0.52,4.9,1.72,1.1,2.59,1.018,280
2024-05-12T00:00:00.000Z,0.8,11.05,2.13,1.5,5,2.082,284
2024-05-13T00:00:00.000Z,1,6.25,3.35,2.1,4.2,1.224,282
2024-05-14T00:00:00.000Z,0.1,97.8,2.9,1.85,5.9,11.526,283
2024-05-15T00:00:00.000Z,0.2,20.35,4.18,3.1,9.06,4.159,281
2024-05-16T00:00:00.000Z,2.17,12.8,4.78,3.55,6.25,2.115,278
2024-05-17T00:00:00.000Z,1.45,8.15,2.63,2.17,3.45,1.155,283
2024-05-18T00:00:00.000Z,1.1,21.83,3.3,1.99,8.27,4.713,285
2024-05-19T00:00:00.000Z,0.2,20.95,2.52,0.54,9.77,5.556,281
2024-05-20T00:00:00.000Z,0.4,10.18,3.78,2.5,5,1.812,281
2024-05-21T00:00:00.000Z,3.92,16.8,8.88,6.05,11.93,3.179,281
2024-05-22T00:00:00.000Z,0.52,8.69,2.7,2.2,3.38,1.143,281
2024-05-23T00:00:00.000Z,0.52,6.5,1.7,1.3,2.8,1.166,279
2024-05-24T00:00:00.000Z,0.75,12.57,4.07,2.13,5.82,2.601,282
2024-05-25T00:00:00.000Z,0.52,9.52,2.76,1.7,4.17,1.854,280
2024-05-26T00:00:00.000Z,1,33.83,2.71,1.99,4.55,4.387,284
2024-05-27T00:00:00.000Z,0.25,4.4,1.2,0.9,1.57,0.648,265
2024-05-28T00:00:00.000Z,0.4,5,1.2,0.9,1.6,0.742,283
2024-05-29T00:00:00.000Z,0.2,9.05,0.9,0.6,1.3,1.699,283
2024-05-30T00:00:00.000Z,0.2,16,0.8,0.4,3.63,3.206,283
2024-05-31T00:00:00.000Z,0.3,11.5,1.3,0.68,5.55,3.396,283
2024-06-01T00:00:00.000Z,0.7,6.63,1.91,1.2,3.3,1.278,272
2024-06-02T00:00:00.000Z,1.08,112.63,2.9,1.65,3.91,8.33,284
2024-06-03T00:00:00.000Z,2.1,7.78,4,3.03,5.13,1.299,279
2024-06-04T00:00:00.000Z,0.55,8.8,2.96,1.63,5.65,2.154,278
2024-06-05T00:00:00.000Z,1,17.67,2.88,1.67,3.8,1.971,282
2024-06-06T00:00:00.000Z,3.65,33.03,10.7,7.12,15.08,5.609,281
2024-06-07T00:00:00.000Z,3.4,21.58,6.83,4.7,14.33,4.985,280
2024-06-08T00:00:00.000Z,1.5,25.73,14.7,8.9,17.71,6.072,277
2024-06-09T00:00:00.000Z,1.52,13.38,2.6,2.13,7.31,2.917,281
2024-06-10T00:00:00.000Z,1.27,6.73,2.54,2.08,3.6,1.298,282
2024-06-11T00:00:00.000Z,0.7,3.2,1.53,1.12,1.98,0.521,283
2024-06-12T00:00:00.000Z,1.4,15.77,2.44,2,9.15,4.245,278
2024-06-13T00:00:00.000Z,1.8,17.39,8.57,2.7,13.32,5.248,279
2024-06-14T00:00:00.000Z,6.87,34.28,13.85,8.43,19.72,6.921,281
2024-06-15T00:00:00.000Z,4.53,32.58,13.7,7.25,17.17,7.372,248
2024-06-16T00:00:00.000Z,6.2,25.55,16.63,7.93,20.13,6.138,283
2024-06-17T00:00:00.000Z,5.7,28.75,12.25,9.9,15.69,5.236,249
2024-06-18T00:00:00.000Z,0.2,20.27,1.23,0.7,4.37,5.968,280
2024-06-19T00:00:00.000Z,0.25,5.28,1.1,0.75,2.08,1.059,282
2024-06-20T00:00:00.000Z,0.2,8.57,0.77,0.5,1.92,1.664,277
2024-06-21T00:00:00.000Z,3.33,18.98,4.88,4.3,6,1.737,279
2024-06-22T00:00:00.000Z,1.6,11.93,4.3,3.6,5.78,1.992,276
2024-06-23T00:00:00.000Z,1.3,11.95,2.71,2.25,4,2.496,274
2024-06-24T00:00:00.000Z,2.52,28.7,5.27,4,16.63,7.13,275
2024-06-25T00:00:00.000Z,2.6,31.58,8.13,6.3,12.25,5.454,279
2024-06-26T00:00:00.000Z,3,14.38,7.38,5.39,9.49,2.617,280
2024-06-27T00:00:00.000Z,2.9,15.98,5.25,4.09,13.04,4.542,277
2024-06-28T00:00:00.000Z,3.78,24.9,7.03,6.1,8.91,3.689,280
2024-06-29T00:00:00.000Z,3.83,22.17,13.02,10.87,17.88,4.599,282
2024-06-30T00:00:00.000Z,1.2,39.5,3.9,2.27,6.68,6.477,283
2024-07-01T00:00:00.000Z,2,15.02,4.38,3.1,7.12,2.852,276
2024-07-02T00:00:00.000Z,2,13.18,3.85,2.83,8.05,3.106,279
2024-07-03T00:00:00.000Z,1,9.38,5.54,3.98,6.65,1.848,280
2024-07-04T00:00:00.000Z,2.92,11.55,5.28,4.13,7.04,1.98,281
2024-07-05T00:00:00.000Z,1.6,11.15,5.6,3.92,7.18,2.149,279
2024-07-06T00:00:00.000Z,1.6,22.1,4.4,3.1,6.24,4.359,284
2024-07-07T00:00:00.000Z,1.17,24.8,8.48,3.8,17.11,7.245,284
2024-07-08T00:00:00.000Z,1.1,10.3,2.2,1.67,4.43,2.153,279
2024-07-09T00:00:00.000Z,1.3,16.35,6.7,2.5,11.93,4.59,279
2024-07-10T00:00:00.000Z,0.7,12.82,1.83,1.48,2.88,2.97,284
2024-07-11T00:00:00.000Z,1.65,14.85,3.95,2.6,9.36,3.553,277
2024-07-12T00:00:00.000Z,3.22,26.52,6.68,5.21,15.4,6.883,284
2024-07-13T00:00:00.000Z,8.15,33.54,11.19,9.68,21.65,6.698,282
2024-07-14T00:00:00.000Z,6.5,22.67,13.6,9.18,17.14,4.111,276
2024-07-15T00:00:00.000Z,8,23.77,12.51,9.97,16.27,4.23,276
2024-07-16T00:00:00.000Z,6.1,19.85,10.51,8.35,12.88,2.733,280
2024-07-17T00:00:00.000Z,3.78,15.75,8.82,6.54,10.02,2.466,280
2024-07-18T00:00:00.000Z,1.95,11.13,4.55,3.79,5.64,1.84,281
2024-07-19T00:00:00.000Z,1.3,15.4,4.47,3.33,10.8,4.371,277
2024-07-20T00:00:00.000Z,1.48,12.93,7.1,4.44,8.64,2.785,233
2024-07-21T00:00:00.000Z,4.4,29.63,9.48,7.5,16.1,6.198,283
2024-07-22T00:00:00.000Z,3,11.3,5.18,4.22,6.75,1.912,282
2024-07-23T00:00:00.000Z,3.08,20.45,5.15,4.07,10.3,4.517,279
2024-07-24T00:00:00.000Z,4.83,20.2,8.82,6.35,9.94,3.223,280
2024-07-25T00:00:00.000Z,2.25,15.33,7.03,5.07,8.67,2.756,278
2024-07-26T00:00:00.000Z,6.4,17.82,12.98,7.93,14.88,3.466,279
2024-07-27T00:00:00.000Z,7.93,23.55,12.28,9.91,15.62,3.547,280
2024-07-28T00:00:00.000Z,3,19.85,10,6.88,13.3,4.337,281
2024-07-29T00:00:00.000Z,1.23,11.2,4.51,2.8,5.47,1.99,276
2024-07-30T00:00:00.000Z,1.4,10.98,3.63,2,6.9,2.982,265
2024-07-31T00:00:00.000Z,1.3,16.23,5,2.1,6.19,2.284,269
2024-08-01T00:00:00.000Z,2.9,12.05,5.29,4.05,6.43,1.885,270
2024-08-02T00:00:00.000Z,3.47,17.13,7.67,5.88,10.15,2.922,282
2024-08-03T00:00:00.000Z,2.29,8.27,5.25,3.2,5.95,1.585,281
2024-08-04T00:00:00.000Z,4.82,16.92,8.91,6.45,11.57,3.244,266
2024-08-05T00:00:00.000Z,2.4,14.8,8.3,4.15,10.41,3.3,273
2024-08-06T00:00:00.000Z,1.5,20.5,3.7,2.6,5.95,2.416,273
2024-08-07T00:00:00.000Z,3.2,29.1,6.72,4.98,11.24,4.162,265
2024-08-08T00:00:00.000Z,3.05,37,9.49,5.5,13,4.475,274
2024-08-09T00:00:00.000Z,1.6,15.7,6.75,3.4,11.95,4.332,261
2024-08-10T00:00:00.000Z,6.38,26.3,9.82,8.6,12.72,3.586,265
2024-08-11T00:00:00.000Z,6.72,31.25,9.69,8.5,14.52,4.96,277
2024-08-12T00:00:00.000Z,2.22,14.9,6.92,3.59,9.41,3.035,264
2024-08-13T00:00:00.000Z,4.03,17.92,10.19,6.82,13.92,3.755,265
2024-08-14T00:00:00.000Z,4.38,12.77,6.6,5.55,7.72,2.05,267
2024-08-15T00:00:00.000Z,2.92,28.17,6.42,4.9,11.27,5.715,250
2024-08-16T00:00:00.000Z,1.5,28.13,10.65,2.95,17.85,7.985,256
2024-08-17T00:00:00.000Z,1.52,23.98,10.27,3.45,15.38,6.307,267
2024-08-18T00:00:00.000Z,1.7,32.78,12.35,5.07,18.44,8.182,269
2024-08-19T00:00:00.000Z,2.72,31.7,5.8,4.38,7.57,6.687,272
2024-08-20T00:00:00.000Z,1.7,12.8,4.95,2.99,7.02,2.91,264
2024-08-21T00:00:00.000Z,2.27,15.07,4.72,3.85,6.45,2.4,268
2024-08-22T00:00:00.000Z,0.98,18.5,5.15,3.18,7.02,2.861,236
2024-08-23T00:00:00.000Z,2.04,10.13,3.15,2.83,4.38,1.771,189
2024-08-24T00:00:00.000Z,3.6,22.5,7.2,4.87,12.68,4.913,257
2024-08-25T00:00:00.000Z,2.1,11.8,6,4.7,7.75,2.02,267
2024-08-26T00:00:00.000Z,0.5,8.55,1.73,1.2,2.2,1.369,271
2024-08-27T00:00:00.000Z,1,22.7,6.4,2.47,12.45,5.541,271
2024-08-28T00:00:00.000Z,3.27,14.38,7.49,4.92,9.41,2.883,272
2024-08-29T00:00:00.000Z,3.63,14.48,8.93,7.05,9.64,2.253,272
2024-08-30T00:00:00.000Z,1,20.7,8.81,3.67,12.05,5.304,270
2024-08-31T00:00:00.000Z,8.13,61.42,16.45,14.43,21.41,7.698,265
2024-09-01T00:00:00.000Z,1.02,22.05,4.5,2.92,5.45,4.612,274
2024-09-02T00:00:00.000Z,0.6,6.07,1.52,1.12,2.88,1.271,271
2024-09-03T00:00:00.000Z,0.3,11.07,1.83,0.7,3.65,1.85,265
2024-09-04T00:00:00.000Z,0.77,26.03,3.85,2.45,6.57,3.944,272
2024-09-05T00:00:00.000Z,0.4,5.78,1.4,1,2,0.8,278
2024-09-06T00:00:00.000Z,2.7,17.1,8.97,5.8,10.95,3.273,271
2024-09-07T00:00:00.000Z,1.08,15.77,4.5,2.42,8.98,3.807,223
2024-09-08T00:00:00.000Z,0.5,9.5,1.4,1.12,1.77,1.883,215
2024-09-09T00:00:00.000Z,1.27,8.82,2.72,2.38,3.4,1.258,272
2024-09-10T00:00:00.000Z,1.25,14.32,2.97,2.4,6.9,3.205,262
2024-09-11T00:00:00.000Z,1.23,18.13,5.35,2.09,10.34,4.269,272
2024-09-12T00:00:00.000Z,2.04,16.38,4.15,3.39,6.54,3.584,272
2024-09-13T00:00:00.000Z,3.63,81.38,7.7,5.9,50.4,25.879,264
2024-09-14T00:00:00.000Z,3.97,32.35,10.75,8.86,13.85,5.68,277
2024-09-15T00:00:00.000Z,0.47,9.65,2.38,1.35,3.87,2.02,267
2024-09-16T00:00:00.000Z,0.3,58.17,7.18,1.46,28.45,16.036,269
2024-09-17T00:00:00.000Z,0.3,21.5,1.6,0.68,4.57,5.237,274
2024-09-18T00:00:00.000Z,1.1,10.8,3.74,2.45,4.86,1.761,268
2024-09-19T00:00:00.000Z,1.23,18.42,6.21,2.8,8.71,4.918,272
2024-09-20T00:00:00.000Z,0.9,36.28,12.98,3.21,19.8,8.725,269
2024-09-21T00:00:00.000Z,5,24.02,10.02,7.98,12.3,3.269,273
2024-09-22T00:00:00.000Z,2.02,8.43,6,4.15,6.78,1.621,271
2024-09-23T00:00:00.000Z,0.3,5.75,1.46,0.7,3.22,1.435,270
2024-09-24T00:00:00.000Z,0.5,5.38,1.38,1,2,0.697,264
2024-09-25T00:00:00.000Z,0.4,2.5,1,0.82,1.27,0.366,263
2024-09-26T00:00:00.000Z,0.1,2.4,0.9,0.6,1.2,0.443,273
2024-09-27T00:00:00.000Z,0.5,16.82,2.4,1.15,6.85,3.276,205
2024-09-28T00:00:00.000Z,0.8,9.52,3.72,2.46,6.1,2.262,192
2024-09-29T00:00:00.000Z,1.9,4.88,2.96,2.5,3.53,0.669,274
2024-09-30T00:00:00.000Z,1.7,4.47,2.75,2.5,3.1,0.479,273
2024-10-01T00:00:00.000Z,0.32,6.63,2.97,1.9,4.05,1.407,269
2024-10-02T00:00:00.000Z,0.28,5.75,1,0.6,2.1,1.12,272
2024-10-03T00:00:00.000Z,0.45,4.88,1.6,1.1,2,0.865,268
2024-10-04T00:00:00.000Z,0.7,4.45,1.98,1.7,2.25,0.536,276
2024-10-05T00:00:00.000Z,0.4,6.8,2.1,1.27,3.47,1.555,274
2024-10-06T00:00:00.000Z,1.58,12.8,5.56,4.2,7.43,2.443,266
2024-10-07T00:00:00.000Z,0.1,6.15,1.5,0.47,2.9,1.821,267
2024-10-08T00:00:00.000Z,0.3,8.19,1.12,0.62,1.77,1.568,272
2024-10-09T00:00:00.000Z,0.2,15.3,0.8,0.5,1.3,3.471,270
2024-10-10T00:00:00.000Z,0.63,5.93,1.65,1.3,2.2,0.873,258
2024-10-11T00:00:00.000Z,0.3,7.2,1.3,0.85,2.13,1.098,268
2024-10-12T00:00:00.000Z,0.6,5.4,1.88,1.4,2.45,0.852,271
2024-10-13T00:00:00.000Z,1.05,105.2,5.57,2.8,11.57,13.541,266
2024-10-14T00:00:00.000Z,0.93,5.68,1.88,1.41,3.1,1.057,269
2024-10-15T00:00:00.000Z,0.9,14.27,3.97,1.86,5.99,2.317,265
2024-10-16T00:00:00.000Z,1.25,23.65,3.92,2.64,6.32,3.116,277
2024-10-17T00:00:00.000Z,1.5,20.55,9.13,7.5,12.88,4.698,263
2024-10-18T00:00:00.000Z,3.75,24.5,14.73,9.63,16.78,5.356,273
2024-10-19T00:00:00.000Z,10.6,43.5,19.45,16.07,26,7.675,266
2024-10-20T00:00:00.000Z,3.85,30.48,9.68,6.03,19.35,7.97,272
2024-10-21T00:00:00.000Z,1.9,11.2,4.4,3.72,6,1.656,274
2024-10-22T00:00:00.000Z,0.17,5.3,0.8,0.44,1.66,1.112,265
2024-10-23T00:00:00.000Z,0.3,21.3,7.93,1.1,10.88,5.85,281
2024-10-24T00:00:00.000Z,4.8,29.15,13.27,11.38,16.67,5.192,269
2024-10-25T00:00:00.000Z,0.9,15.35,5.93,3.24,9.81,3.983,248
2024-10-26T00:00:00.000Z,0.4,9.9,4.3,0.9,6.32,2.824,271
2024-10-27T00:00:00.000Z,0.7,27.63,6.82,3.53,15.35,7.234,267
2024-10-28T00:00:00.000Z,0.2,9.85,3.95,1.7,6.03,2.705,269
2024-10-29T00:00:00.000Z,0.3,24.75,3,2.38,7,4.473,268
2024-10-30T00:00:00.000Z,0.38,9.5,2.7,2.2,4.47,1.662,270
2024-10-31T00:00:00.000Z,0.7,7.78,2.47,1.7,3.53,1.346,265
2024-11-01T00:00:00.000Z,0.4,4.59,1.8,1.4,2.34,0.699,273
2024-11-02T00:00:00.000Z,2.8,38.13,11.98,7.13,20.52,9.891,254
2024-11-03T00:00:00.000Z,4.25,13.45,8.31,6.93,10.13,2.187,254
2024-11-04T00:00:00.000Z,0.1,9.23,4.13,0.88,6.6,2.724,235
2024-11-05T00:00:00.000Z,0.9,6.68,2.02,1.6,2.7,1.188,203
2024-11-06T00:00:00.000Z,1.4,26.48,5.78,3.47,10.45,6.375,202
2024-11-07T00:00:00.000Z,1,5.15,1.6,1.4,1.98,0.57,251
2024-11-08T00:00:00.000Z,0.8,7.97,1.91,1.58,2.29,0.705,218
2024-11-09T00:00:00.000Z,1.7,10.23,4.59,3.35,6.3,1.964,202
2024-11-10T00:00:00.000Z,0.3,5.88,3.1,2.5,4.15,1.187,195
2024-11-11T00:00:00.000Z,0.2,5.43,1.52,1.17,2,0.835,205
2024-11-12T00:00:00.000Z,0.45,6.97,2.13,1.77,2.75,0.891,154
2024-11-13T00:00:00.000Z,1.6,9.8,5.5,4.03,7.07,2.001,187
2024-11-14T00:00:00.000Z,1.38,9.93,4.03,2.44,4.84,1.574,173
2024-11-15T00:00:00.000Z,3.38,17.6,10.15,8.48,12.52,3.002,257
2024-11-16T00:00:00.000Z,2.72,12.07,6.17,4.18,7.85,2.187,268
2024-11-17T00:00:00.000Z,3.97,10.88,6.83,5.97,7.68,1.249,263
2024-11-18T00:00:00.000Z,4.55,16.42,9.15,7.2,11.52,2.768,247
2024-11-19T00:00:00.000Z,3,17.17,6.7,4.93,8.25,2.933,227
2024-11-20T00:00:00.000Z,6.75,20.05,10.65,9.69,12.47,2.364,217
2024-11-21T00:00:00.000Z,4.43,21.67,9.77,8.68,12.18,2.511,199
2024-11-22T00:00:00.000Z,0.38,11.38,2.67,1.44,4.93,2.87,216
2024-11-23T00:00:00.000Z,2.4,19.39,4.96,3.67,6.88,3.308,182
2024-11-24T00:00:00.000Z,8.63,34.88,14.56,11.77,22.52,6.643,214
2024-11-25T00:00:00.000Z,11.63,37.13,18.84,16.3,21.21,5.727,224
2024-11-26T00:00:00.000Z,11.73,25.65,18.19,16.52,20.5,2.809,276
2024-11-27T00:00:00.000Z,5.5,23.23,10.65,8.07,14.29,3.778,273
2024-11-28T00:00:00.000Z,13,90.47,32.36,22.05,50.05,18.563,266
2024-11-29T00:00:00.000Z,5.6,165.07,43.81,28.67,72.53,30.031,274
2024-11-30T00:00:00.000Z,2.35,12.8,6,5.15,7.56,1.738,276
2024-12-01T00:00:00.000Z,9.23,39.22,19,14.12,23.85,5.862,232
2024-12-02T00:00:00.000Z,6.03,35.15,22.88,17.55,26.1,6.217,271
2024-12-03T00:00:00.000Z,6.83,16.89,10.7,9.25,12.38,2.033,276
2024-12-04T00:00:00.000Z,2.35,19.8,8.65,4.63,11.27,3.943,272
2024-12-05T00:00:00.000Z,4,32.17,14.35,11.48,19.14,5.659,275
2024-12-06T00:00:00.000Z,8.38,16.43,11.47,10.45,12.51,1.574,280
2024-12-07T00:00:00.000Z,7.25,18.55,10.9,9.69,11.97,1.792,273
2024-12-08T00:00:00.000Z,0.25,10.05,1.6,1.08,2.42,2.132,270
2024-12-09T00:00:00.000Z,1.75,12.63,3.8,2.9,5.31,2.122,272
2024-12-10T00:00:00.000Z,2.5,17.27,8.28,6.8,10.27,2.674,266
2024-12-11T00:00:00.000Z,0.47,11.13,2.6,1.91,3.28,2.07,269
2024-12-12T00:00:00.000Z,0.73,10.3,2.47,2,3.1,1.601,274
2024-12-13T00:00:00.000Z,1.9,10.38,5.3,3.98,7.09,2.005,249
2024-12-14T00:00:00.000Z,2.4,6.97,4.4,3.8,5,0.935,251
2024-12-15T00:00:00.000Z,0.8,10.4,4.53,3.6,5.88,1.796,280
2024-12-16T00:00:00.000Z,0.93,6.15,3.76,2.92,4.72,1.151,234
2024-12-17T00:00:00.000Z,2.58,15.88,4.95,4.2,6.03,2.639,251
2024-12-18T00:00:00.000Z,4.65,13.48,7.93,7,9.1,1.56,250
2024-12-19T00:00:00.000Z,4.32,19.95,10.19,8.74,15.07,3.453,117
2024-12-20T00:00:00.000Z,5.93,33.97,14.39,10.67,18.55,5.919,202
2024-12-21T00:00:00.000Z,9.82,25.9,17.73,13.93,19.77,3.61,242
2024-12-22T00:00:00.000Z,12.1,103.05,26.39,19.67,42.05,17.074,264
2024-12-23T00:00:00.000Z,9.63,116.47,40.75,23.36,56.79,20.62,265
2024-12-24T00:00:00.000Z,9.73,32.04,16.5,14.97,18.95,3.502,269
2024-12-25T00:00:00.000Z,13.5,93.53,41.16,29.63,60.88,18.842,270
2024-12-26T00:00:00.000Z,8.35,35.38,13.38,11.73,15.63,3.535,273
2024-12-27T00:00:00.000Z,4.34,17.35,8.81,7.5,10.02,2.236,266
2024-12-28T00:00:00.000Z,2.52,15.93,10.07,7.32,11.29,3.193,277
2024-12-29T00:00:00.000Z,2,15.07,4.63,3.9,6.53,1.925,231
2024-12-30T00:00:00.000Z,1.65,10.35,4.34,3,6.03,1.873,122
2024-12-31T00:00:00.000Z,2.1,23.98,7.93,6.75,9.35,2.765,187
2025-01-01T00:00:00.000Z,8.18,50.03,22.05,17.64,27.79,8.693,252
2025-01-02T00:00:00.000Z,1.7,23.38,11.24,4.78,14.13,5.217,274
2025-01-03T00:00:00.000Z,0.4,8.6,4.2,2.57,5.5,1.87,265
2025-01-04T00:00:00.000Z,4.18,19.89,10.52,7.78,13.44,3.583,277
2025-01-05T00:00:00.000Z,6.5,23.3,9.88,8.82,13.37,4.165,276
2025-01-06T00:00:00.000Z,11.6,20.67,16.1,14.68,17.35,1.948,268
2025-01-07T00:00:00.000Z,5.88,34.45,11.68,9.69,16.63,5.803,276
2025-01-08T00:00:00.000Z,3.95,36.29,17.3,9.07,23.88,8.576,273
2025-01-09T00:00:00.000Z,3.7,12.48,6.97,6.27,8.01,1.403,264
2025-01-10T00:00:00.000Z,1.77,10.43,4.45,2.95,6.3,1.938,275
2025-01-11T00:00:00.000Z,1.27,7.63,3.22,2.4,4.43,1.456,275
2025-01-12T00:00:00.000Z,1.38,6.95,2.72,2.29,3.14,0.992,273
2025-01-13T00:00:00.000Z,2.58,17.02,8.93,6.59,10.93,3.283,245
2025-01-14T00:00:00.000Z,3.53,10.13,6.69,6.03,7.54,1.127,184
2025-01-15T00:00:00.000Z,2.92,8.4,5.19,4.7,5.9,0.953,264
2025-01-16T00:00:00.000Z,3.4,29.88,12.31,8.15,17.89,6.594,272
2025-01-17T00:00:00.000Z,5.28,30.13,12.18,8.77,14.52,3.35,269
2025-01-18T00:00:00.000Z,5.78,25.38,11.03,8.82,15.24,5.203,240
2025-01-19T00:00:00.000Z,3.95,13.55,7.37,6.45,8.52,1.633,272
2025-01-20T00:00:00.000Z,3.42,14.15,7.15,5.59,8.94,2.245,272
2025-01-21T00:00:00.000Z,1.9,17.37,6.49,4.67,9.57,3.957,278
2025-01-22T00:00:00.000Z,0.4,12.63,4.47,2.63,6.25,2.506,277
2025-01-23T00:00:00.000Z,0.65,15,2.83,2.22,3.75,1.576,280
2025-01-24T00:00:00.000Z,0.93,8.02,4,3.19,4.76,1.171,281
2025-01-25T00:00:00.000Z,0.1,6.4,0.98,0.52,3.47,1.832,260
2025-01-26T00:00:00.000Z,0.32,6.63,1.85,1.42,2.95,1.597,102
2025-01-27T00:00:00.000Z,2.93,17.6,5.63,4.76,7.78,3.403,229
2025-01-28T00:00:00.000Z,3.2,11.75,7.43,6.06,8.6,1.778,277
2025-01-29T00:00:00.000Z,2.88,17.1,10.09,8.32,11.77,2.991,270
2025-01-30T00:00:00.000Z,1.55,10.6,5.27,3.95,6.63,1.687,202
2025-01-31T00:00:00.000Z,1.38,29.88,6.93,5.4,9.45,5.528,219
2025-02-01T00:00:00.000Z,4.32,16.73,9.52,7.87,11.54,2.562,72